P218;P271
P218;P44
P218;P577
P218;P489
P218;P465
P218;P518
P218;P384
P218;P341
P218;P344
P218;P419
P218;P83
P218;P373
P218;P569
P218;P512
P218;P213
P218;P469
P218;P55
P218;P33
P218;P335
P218;P459
P218;P237
P218;P407
P218;P467
P218;P470
P218;P29
P218;P474
P218;P391
P218;P123
P218;P224
P218;P284
P218;P47
P218;P236
P218;P368
P218;P582
P218;P406
P218;P257
P218;P332
P218;P204
P218;P386
P218;P261
P271;P475
P271;P384
P271;P344
P271;P403
P271;P512
P271;P515
P271;P456
P271;P7
P271;P113
P271;P29
P271;P75
P271;P114
P271;P269
P271;P381
P271;P418
P271;P54
P271;P429
P271;P303
P271;P578
P271;P135
P271;P151
P271;P18
P271;P369
P271;P204
P271;P530
P271;P354
P475;P79
P475;P528
P475;P384
P475;P132
P475;P465
P475;P379
P475;P325
P475;P22
P475;P546
P475;P515
P475;P573
P475;P7
P475;P63
P475;P455
P475;P202
P475;P360
P475;P301
P475;P309
P475;P125
P475;P32
P475;P547
P475;P505
P475;P58
P475;P276
P475;P181
P475;P368
P475;P332
P475;P578
P475;P292
P475;P406
P475;P530
P475;P204
P475;P385
P475;P389
P475;P249
P384;P44
P384;P577
P384;P518
P384;P174
P384;P511
P384;P290
P384;P83
P384;P344
P384;P512
P384;P113
P384;P520
P384;P63
P384;P237
P384;P156
P384;P21
P384;P105
P384;P397
P384;P470
P384;P170
P384;P506
P384;P269
P384;P398
P384;P0
P384;P6
P384;P468
P384;P326
P384;P190
P384;P98
P384;P483
P384;P372
P384;P368
P384;P199
P384;P274
P384;P257
P384;P94
P384;P204
P384;P530
P384;P173
P384;P71
P384;P453
P384;P249
P384;P261
P344;P527
P344;P44
P344;P577
P344;P586
P344;P185
P344;P328
P344;P79
P344;P162
P344;P489
P344;P296
P344;P409
P344;P403
P344;P287
P344;P345
P344;P278
P344;P482
P344;P500
P344;P89
P344;P334
P344;P315
P344;P281
P344;P378
P344;P419
P344;P456
P344;P341
P344;P393
P344;P441
P344;P548
P344;P171
P344;P546
P344;P511
P344;P375
P344;P267
P344;P7
P344;P561
P344;P105
P344;P55
P344;P235
P344;P273
P344;P459
P344;P469
P344;P438
P344;P573
P344;P520
P344;P325
P344;P571
P344;P374
P344;P33
P344;P434
P344;P4
P344;P314
P344;P382
P344;P467
P344;P470
P344;P167
P344;P397
P344;P110
P344;P156
P344;P172
P344;P24
P344;P484
P344;P63
P344;P42
P344;P188
P344;P237
P344;P202
P344;P480
P344;P21
P344;P558
P344;P428
P344;P6
P344;P123
P344;P75
P344;P529
P344;P149
P344;P391
P344;P309
P344;P394
P344;P114
P344;P505
P344;P579
P344;P506
P344;P47
P344;P224
P344;P258
P344;P431
P344;P302
P344;P437
P344;P468
P344;P178
P344;P418
P344;P422
P344;P205
P344;P93
P344;P361
P344;P166
P344;P245
P344;P58
P344;P27
P344;P129
P344;P323
P344;P17
P344;P303
P344;P16
P344;P90
P344;P283
P344;P289
P344;P247
P344;P268
P344;P118
P344;P98
P344;P448
P344;P535
P344;P516
P344;P285
P344;P578
P344;P411
P344;P138
P344;P152
P344;P286
P344;P404
P344;P531
P344;P364
P344;P368
P344;P582
P344;P521
P344;P254
P344;P145
P344;P122
P344;P15
P344;P141
P344;P139
P344;P485
P344;P257
P344;P189
P344;P49
P344;P142
P344;P574
P344;P265
P344;P383
P344;P288
P344;P151
P344;P184
P344;P199
P344;P332
P344;P560
P344;P274
P344;P551
P344;P18
P344;P423
P344;P19
P344;P427
P344;P292
P344;P369
P344;P94
P344;P294
P344;P540
P344;P439
P344;P204
P344;P442
P344;P56
P344;P541
P344;P313
P344;P386
P344;P264
P344;P182
P344;P71
P344;P191
P344;P340
P344;P346
P344;P241
P344;P343
P344;P34
P344;P91
P344;P108
P344;P197
P344;P260
P344;P261
P344;P354
P403;P44
P403;P226
P403;P457
P403;P331
P403;P489
P403;P379
P403;P215
P403;P400
P403;P5
P403;P83
P403;P336
P403;P512
P403;P371
P403;P545
P403;P176
P403;P440
P403;P31
P403;P374
P403;P571
P403;P29
P403;P484
P403;P480
P403;P105
P403;P558
P403;P6
P403;P444
P403;P356
P403;P505
P403;P21
P403;P431
P403;P421
P403;P342
P403;P75
P403;P470
P403;P100
P403;P233
P403;P178
P403;P401
P403;P428
P403;P479
P403;P81
P403;P125
P403;P58
P403;P477
P403;P584
P403;P77
P403;P114
P403;P276
P403;P190
P403;P236
P403;P95
P403;P238
P403;P285
P403;P283
P403;P289
P403;P87
P403;P135
P403;P15
P403;P23
P403;P426
P403;P189
P403;P427
P403;P471
P403;P18
P403;P274
P403;P254
P403;P488
P403;P332
P403;P406
P403;P292
P403;P574
P403;P92
P403;P94
P512;P577
P512;P328
P512;P79
P512;P252
P512;P162
P512;P567
P512;P457
P512;P208
P512;P99
P512;P518
P512;P296
P512;P409
P512;P575
P512;P576
P512;P243
P512;P293
P512;P281
P512;P334
P512;P25
P512;P393
P512;P357
P512;P215
P512;P373
P512;P515
P512;P201
P512;P117
P512;P546
P512;P511
P512;P348
P512;P336
P512;P379
P512;P482
P512;P500
P512;P433
P512;P315
P512;P456
P512;P174
P512;P5
P512;P378
P512;P495
P512;P298
P512;P548
P512;P221
P512;P573
P512;P335
P512;P538
P512;P400
P512;P441
P512;P534
P512;P492
P512;P438
P512;P70
P512;P341
P512;P325
P512;P89
P512;P83
P512;P22
P512;P31
P512;P171
P512;P282
P512;P267
P512;P481
P512;P212
P512;P225
P512;P219
P512;P390
P512;P36
P512;P561
P512;P61
P512;P229
P512;P86
P512;P455
P512;P213
P512;P150
P512;P250
P512;P55
P512;P177
P512;P235
P512;P39
P512;P556
P512;P105
P512;P133
P512;P370
P512;P375
P512;P113
P512;P311
P512;P63
P512;P237
P512;P273
P512;P583
P512;P188
P512;P440
P512;P463
P512;P571
P512;P459
P512;P374
P512;P9
P512;P33
P512;P469
P512;P305
P512;P434
P512;P38
P512;P501
P512;P324
P512;P480
P512;P306
P512;P7
P512;P176
P512;P545
P512;P198
P512;P329
P512;P106
P512;P69
P512;P392
P512;P163
P512;P270
P512;P338
P512;P26
P512;P100
P512;P502
P512;P405
P512;P474
P512;P126
P512;P342
P512;P227
P512;P75
P512;P470
P512;P467
P512;P382
P512;P391
P512;P529
P512;P167
P512;P397
P512;P314
P512;P156
P512;P110
P512;P172
P512;P29
P512;P359
P512;P356
P512;P407
P512;P24
P512;P360
P512;P143
P512;P412
P512;P42
P512;P484
P512;P553
P512;P179
P512;P202
P512;P444
P512;P317
P512;P127
P512;P547
P512;P149
P512;P431
P512;P558
P512;P473
P512;P48
P512;P327
P512;P284
P512;P28
P512;P8
P512;P351
P512;P266
P512;P436
P512;P123
P512;P60
P512;P301
P512;P309
P512;P6
P512;P394
P512;P114
P512;P170
P512;P224
P512;P506
P512;P47
P512;P269
P512;P381
P512;P559
P512;P258
P512;P32
P512;P428
P512;P153
P512;P77
P512;P445
P512;P233
P512;P175
P512;P73
P512;P302
P512;P525
P512;P352
P512;P398
P512;P82
P512;P27
P512;P72
P512;P437
P512;P95
P512;P68
P512;P318
P512;P57
P512;P401
P512;P361
P512;P93
P512;P166
P512;P451
P512;P570
P512;P468
P512;P238
P512;P422
P512;P584
P512;P418
P512;P507
P512;P245
P512;P478
P512;P420
P512;P58
P512;P137
P512;P432
P512;P207
P512;P544
P512;P300
P512;P158
P512;P429
P512;P129
P512;P466
P512;P178
P512;P557
P512;P414
P512;P54
P512;P17
P512;P205
P512;P477
P512;P130
P512;P3
P512;P464
P512;P330
P512;P247
P512;P112
P512;P380
P512;P259
P512;P479
P512;P446
P512;P145
P512;P417
P512;P165
P512;P316
P512;P323
P512;P362
P512;P410
P512;P246
P512;P550
P512;P372
P512;P210
P512;P121
P512;P13
P512;P483
P512;P16
P512;P363
P512;P90
P512;P236
P512;P11
P512;P190
P512;P289
P512;P283
P512;P549
P512;P564
P512;P276
P512;P364
P512;P154
P512;P268
P512;P543
P512;P84
P512;P448
P512;P326
P512;P535
P512;P98
P512;P209
P512;P256
P512;P203
P512;P122
P512;P15
P512;P521
P512;P140
P512;P539
P512;P23
P512;P404
P512;P285
P512;P131
P512;P368
P512;P146
P512;P427
P512;P181
P512;P141
P512;P531
P512;P365
P512;P142
P512;P220
P512;P516
P512;P87
P512;P254
P512;P138
P512;P52
P512;P152
P512;P286
P512;P578
P512;P135
P512;P554
P512;P74
P512;P497
P512;P159
P512;P19
P512;P134
P512;P67
P512;P582
P512;P139
P512;P322
P512;P231
P512;P64
P512;P115
P512;P320
P512;P395
P512;P51
P512;P496
P512;P199
P512;P1
P512;P144
P512;P560
P512;P30
P512;P46
P512;P180
P512;P471
P512;P377
P512;P517
P512;P508
P512;P490
P512;P120
P512;P485
P512;P406
P512;P443
P512;P189
P512;P257
P512;P92
P512;P574
P512;P66
P512;P288
P512;P184
P512;P151
P512;P369
P512;P94
P512;P200
P512;P274
P512;P332
P512;P41
P512;P103
P512;P383
P512;P426
P512;P488
P512;P447
P512;P551
P512;P206
P512;P491
P512;P217
P512;P460
P512;P292
P512;P423
P512;P522
P512;P294
P512;P211
P512;P339
P512;P49
P512;P540
P512;P530
P512;P204
P512;P442
P512;P454
P512;P413
P512;P275
P512;P56
P512;P164
P512;P510
P512;P385
P512;P62
P512;P358
P512;P310
P512;P541
P512;P313
P512;P386
P512;P366
P512;P568
P512;P264
P512;P147
P512;P173
P512;P102
P512;P453
P512;P340
P512;P97
P512;P241
P512;P389
P512;P249
P512;P350
P512;P88
P512;P34
P512;P304
P512;P197
P512;P260
P512;P192
P512;P523
P512;P216
P512;P487
P512;P261
P512;P194
P512;P10
P512;P450
P515;P186
P515;P185
P515;P132
P515;P331
P515;P465
P515;P576
P515;P83
P515;P538
P515;P534
P515;P492
P515;P456
P515;P461
P515;P39
P515;P360
P515;P269
P515;P178
P515;P72
P515;P505
P515;P361
P515;P420
P515;P158
P515;P137
P515;P429
P515;P93
P515;P417
P515;P483
P515;P464
P515;P95
P515;P303
P515;P531
P515;P508
P515;P274
P515;P199
P515;P292
P515;P443
P456;P567
P456;P331
P456;P489
P456;P538
P456;P534
P456;P5
P456;P484
P456;P110
P456;P318
P456;P352
P456;P130
P456;P323
P456;P535
P456;P543
P456;P209
P456;P516
P456;P256
P456;P554
P456;P411
P456;P142
P456;P347
P456;P254
P456;P369
P456;P292
P456;P514
P456;P275
P456;P197
P456;P458
P7;P279
P7;P331
P7;P538
P7;P70
P7;P572
P7;P548
P7;P174
P7;P215
P7;P22
P7;P357
P7;P282
P7;P569
P7;P341
P7;P520
P7;P545
P7;P9
P7;P250
P7;P529
P7;P75
P7;P467
P7;P29
P7;P470
P7;P428
P7;P477
P7;P543
P7;P23
P7;P402
P7;P217
P7;P15
P7;P368
P7;P274
P7;P151
P7;P530
P7;P262
P113;P186
P113;P331
P113;P538
P113;P315
P113;P573
P113;P305
P113;P23
P113;P98
P113;P151
P113;P292
P113;P160
P29;P183
P29;P328
P29;P334
P29;P538
P29;P572
P29;P290
P29;P434
P29;P374
P29;P459
P29;P227
P29;P196
P29;P412
P29;P360
P29;P342
P29;P467
P29;P269
P29;P584
P29;P478
P29;P505
P29;P153
P29;P178
P29;P276
P29;P283
P29;P516
P29;P87
P29;P303
P29;P285
P29;P274
P29;P368
P29;P531
P29;P189
P29;P18
P29;P292
P29;P560
P29;P92
P29;P275
P29;P453
P29;P161
P29;P354
P75;P44
P75;P208
P75;P331
P75;P532
P75;P83
P75;P538
P75;P379
P75;P174
P75;P212
P75;P434
P75;P36
P75;P250
P75;P219
P75;P229
P75;P470
P75;P467
P75;P382
P75;P558
P75;P327
P75;P266
P75;P114
P75;P170
P75;P72
P75;P554
P75;P206
P75;P423
P75;P406
P75;P292
P75;P530
P75;P442
P75;P62
P75;P299
P75;P523
P75;P193
P114;P186
P114;P519
P114;P538
P114;P379
P114;P572
P114;P378
P114;P174
P114;P546
P114;P273
P114;P33
P114;P63
P114;P270
P114;P470
P114;P467
P114;P172
P114;P77
P114;P543
P114;P15
P114;P531
P114;P64
P114;P151
P114;P368
P114;P142
P114;P551
P114;P369
P114;P514
P114;P204
P114;P56
P114;P366
P114;P147
P114;P503
P269;P577
P269;P331
P269;P396
P269;P576
P269;P83
P269;P315
P269;P434
P269;P106
P269;P391
P269;P431
P269;P445
P269;P505
P269;P13
P269;P68
P269;P417
P269;P139
P269;P265
P269;P491
P269;P262
P269;P510
P269;P366
P269;P234
P381;P577
P381;P489
P381;P465
P381;P409
P381;P83
P381;P538
P381;P492
P381;P548
P381;P315
P381;P14
P381;P501
P381;P106
P381;P481
P381;P24
P381;P421
P381;P58
P381;P52
P381;P362
P381;P448
P381;P135
P381;P395
P381;P292
P381;P97
P418;P79
P418;P331
P418;P518
P418;P396
P418;P83
P418;P298
P418;P315
P418;P400
P418;P511
P418;P290
P418;P325
P418;P324
P418;P33
P418;P469
P418;P167
P418;P21
P418;P467
P418;P82
P418;P506
P418;P428
P418;P233
P418;P27
P418;P205
P418;P141
P418;P199
P418;P411
P418;P485
P418;P292
P418;P265
P418;P313
P418;P386
P418;P223
P418;P102
P418;P304
P418;P487
P54;P44
P54;P186
P54;P277
P54;P331
P54;P379
P54;P315
P54;P174
P54;P201
P54;P215
P54;P511
P54;P481
P54;P33
P54;P219
P54;P21
P54;P467
P54;P392
P54;P28
P54;P466
P54;P190
P54;P464
P54;P58
P54;P289
P54;P203
P54;P303
P54;P427
P54;P189
P54;P443
P54;P294
P54;P288
P54;P275
P54;P43
P54;P453
P429;P44
P429;P226
P429;P518
P429;P298
P429;P538
P429;P572
P429;P315
P429;P501
P429;P520
P429;P434
P429;P36
P429;P556
P429;P250
P429;P370
P429;P484
P429;P407
P429;P356
P429;P559
P429;P224
P429;P73
P429;P58
P429;P451
P429;P203
P429;P521
P429;P286
P429;P320
P429;P543
P429;P23
P429;P256
P429;P578
P429;P211
P429;P142
P429;P151
P429;P292
P429;P46
P429;P540
P429;P358
P429;P313
P429;P264
P429;P389
P303;P577
P303;P586
P303;P186
P303;P45
P303;P457
P303;P195
P303;P208
P303;P518
P303;P243
P303;P287
P303;P419
P303;P83
P303;P298
P303;P538
P303;P433
P303;P482
P303;P375
P303;P556
P303;P250
P303;P459
P303;P219
P303;P225
P303;P202
P303;P360
P303;P110
P303;P172
P303;P100
P303;P309
P303;P224
P303;P506
P303;P266
P303;P479
P303;P23
P303;P285
P303;P210
P303;P52
P303;P322
P303;P274
P303;P574
P303;P92
P303;P184
P303;P275
P303;P56
P303;P358
P303;P354
P578;P277
P578;P226
P578;P279
P578;P331
P578;P83
P578;P298
P578;P538
P578;P379
P578;P572
P578;P378
P578;P341
P578;P33
P578;P469
P578;P38
P578;P39
P578;P370
P578;P110
P578;P170
P578;P233
P578;P479
P578;P72
P578;P376
P578;P417
P578;P13
P578;P16
P578;P268
P578;P543
P578;P364
P578;P87
P578;P286
P578;P254
P578;P368
P578;P406
P578;P64
P578;P522
P578;P159
P578;P288
P578;P292
P578;P560
P135;P185
P135;P226
P135;P279
P135;P83
P135;P379
P135;P70
P135;P548
P135;P373
P135;P174
P135;P482
P135;P569
P135;P305
P135;P329
P135;P55
P135;P126
P135;P110
P135;P342
P135;P470
P135;P394
P135;P421
P135;P445
P135;P300
P135;P58
P135;P401
P135;P178
P135;P376
P135;P93
P135;P276
P135;P410
P135;P448
P135;P84
P135;P98
P135;P283
P135;P543
P135;P364
P135;P122
P135;P189
P135;P274
P135;P368
P135;P74
P135;P491
P135;P265
P135;P18
P135;P292
P135;P180
P135;P30
P135;P46
P135;P560
P135;P443
P135;P184
P135;P275
P135;P262
P135;P164
P135;P568
P151;P44
P151;P519
P151;P528
P151;P331
P151;P409
P151;P83
P151;P298
P151;P336
P151;P70
P151;P548
P151;P201
P151;P89
P151;P569
P151;P31
P151;P440
P151;P213
P151;P270
P151;P553
P151;P467
P151;P172
P151;P6
P151;P505
P151;P428
P151;P27
P151;P58
P151;P158
P151;P464
P151;P130
P151;P11
P151;P483
P151;P16
P151;P98
P151;P256
P151;P554
P151;P1
P151;P67
P151;P265
P151;P406
P151;P274
P151;P288
P151;P292
P151;P454
P151;P313
P151;P223
P151;P389
P151;P160
P151;P216
P151;P587
P151;P565
P18;P83
P18;P298
P18;P336
P18;P373
P18;P215
P18;P511
P18;P198
P18;P213
P18;P571
P18;P42
P18;P360
P18;P21
P18;P467
P18;P100
P18;P559
P18;P505
P18;P27
P18;P58
P18;P158
P18;P477
P18;P276
P18;P483
P18;P289
P18;P283
P18;P516
P18;P87
P18;P52
P18;P285
P18;P368
P18;P426
P18;P551
P18;P274
P18;P189
P18;P560
P18;P292
P18;P184
P18;P442
P18;P275
P18;P264
P18;P355
P18;P241
P369;P44
P369;P577
P369;P586
P369;P116
P369;P345
P369;P334
P369;P83
P369;P298
P369;P336
P369;P500
P369;P433
P369;P201
P369;P520
P369;P213
P369;P374
P369;P250
P369;P55
P369;P571
P369;P202
P369;P412
P369;P156
P369;P21
P369;P467
P369;P309
P369;P505
P369;P27
P369;P58
P369;P158
P369;P376
P369;P259
P369;P17
P369;P11
P369;P483
P369;P209
P369;P122
P369;P285
P369;P64
P369;P322
P369;P231
P369;P406
P369;P184
P369;P288
P369;P66
P369;P574
P369;P447
P369;P292
P369;P244
P369;P275
P369;P386
P369;P354
P369;P585
P369;P174
P369;P398
P527;P492
P527;P80
P527;P459
P527;P375
P527;P520
P527;P110
P527;P24
P527;P360
P527;P505
P527;P8
P527;P448
P527;P368
P527;P447
P527;P204
P527;P442
P527;P261
P492;P528
P492;P546
P492;P520
P492;P171
P492;P282
P492;P348
P492;P174
P492;P5
P492;P378
P492;P482
P492;P201
P492;P22
P492;P548
P492;P32
P492;P368
P492;P458
P80;P99
P80;P331
P80;P572
P80;P315
P80;P514
P80;P56
P80;P340
P80;P160
P459;P226
P459;P208
P459;P518
P459;P83
P459;P538
P459;P534
P459;P500
P459;P174
P459;P89
P459;P569
P459;P520
P459;P571
P459;P480
P459;P484
P459;P77
P459;P156
P459;P467
P459;P158
P459;P73
P459;P210
P459;P286
P459;P15
P459;P90
P459;P582
P459;P200
P459;P426
P459;P551
P459;P139
P459;P274
P459;P257
P459;P292
P459;P423
P459;P386
P375;P79
P375;P132
P375;P331
P375;P563
P375;P83
P375;P538
P375;P500
P375;P315
P375;P400
P375;P22
P375;P569
P375;P495
P375;P573
P375;P474
P375;P105
P375;P126
P375;P48
P375;P156
P375;P470
P375;P431
P375;P356
P375;P258
P375;P525
P375;P23
P375;P256
P375;P564
P375;P364
P375;P228
P375;P543
P375;P13
P375;P210
P375;P90
P375;P145
P375;P582
P375;P236
P375;P165
P375;P141
P375;P326
P375;P98
P375;P87
P375;P289
P375;P497
P375;P209
P375;P448
P375;P246
P375;P372
P375;P16
P375;P67
P375;P275
P375;P214
P375;P223
P375;P182
P375;P453
P375;P503
P375;P458
P520;P528
P520;P279
P520;P331
P520;P116
P520;P243
P520;P83
P520;P378
P520;P390
P520;P455
P520;P434
P520;P374
P520;P440
P520;P250
P520;P167
P520;P444
P520;P505
P520;P428
P520;P95
P520;P380
P520;P432
P520;P268
P520;P23
P520;P368
P520;P517
P520;P551
P520;P274
P520;P265
P520;P383
P520;P574
P520;P530
P520;P313
P520;P453
P520;P249
P520;P354
P110;P99
P110;P331
P110;P334
P110;P83
P110;P336
P110;P538
P110;P572
P110;P215
P110;P341
P110;P495
P110;P463
P110;P106
P110;P480
P110;P42
P110;P167
P110;P6
P110;P398
P110;P258
P110;P467
P110;P391
P110;P158
P110;P483
P110;P276
P110;P320
P110;P181
P110;P285
P110;P368
P110;P539
P110;P90
P110;P516
P110;P289
P110;P531
P110;P283
P110;P140
P110;P74
P110;P521
P110;P141
P110;P554
P110;P52
P110;P122
P110;P15
P110;P87
P110;P98
P110;P372
P110;P144
P110;P332
P110;P292
P110;P92
P110;P386
P110;P453
P110;P161
P24;P528
P24;P538
P24;P373
P24;P474
P24;P21
P24;P570
P24;P166
P24;P98
P24;P543
P24;P368
P24;P292
P360;P83
P360;P538
P360;P572
P360;P373
P360;P341
P360;P61
P360;P571
P360;P137
P360;P205
P360;P16
P360;P410
P360;P283
P360;P23
P360;P181
P360;P189
P360;P551
P360;P368
P360;P41
P360;P485
P360;P220
P360;P377
P360;P274
P360;P139
P360;P142
P360;P460
P360;P406
P360;P347
P360;P64
P360;P254
P360;P184
P360;P288
P360;P522
P360;P180
P360;P206
P360;P56
P360;P349
P360;P366
P360;P173
P360;P487
P505;P44
P505;P186
P505;P252
P505;P528
P505;P538
P505;P441
P505;P379
P505;P378
P505;P357
P505;P290
P505;P438
P505;P225
P505;P55
P505;P229
P505;P455
P505;P188
P505;P63
P505;P237
P505;P163
P505;P444
P505;P470
P505;P467
P505;P100
P505;P205
P505;P178
P505;P47
P505;P175
P505;P557
P505;P276
P505;P52
P505;P372
P505;P521
P505;P1
P505;P283
P505;P286
P505;P122
P505;P535
P505;P19
P505;P406
P505;P365
P505;P551
P505;P64
P505;P488
P505;P368
P505;P491
P505;P395
P505;P181
P505;P347
P505;P254
P505;P288
P505;P560
P505;P447
P505;P30
P505;P292
P505;P92
P505;P385
P505;P435
P505;P264
P505;P37
P505;P191
P505;P160
P505;P354
P8;P186
P8;P331
P8;P538
P8;P379
P8;P373
P8;P13
P8;P56
P448;P45
P448;P226
P448;P195
P448;P83
P448;P298
P448;P538
P448;P373
P448;P461
P448;P335
P448;P495
P448;P390
P448;P9
P448;P105
P448;P42
P448;P202
P448;P407
P448;P342
P448;P470
P448;P338
P448;P100
P448;P258
P448;P224
P448;P479
P448;P478
P448;P477
P448;P95
P448;P376
P448;P93
P448;P437
P448;P238
P448;P11
P448;P535
P448;P326
P448;P368
P448;P140
P448;P543
P448;P145
P448;P23
P448;P539
P448;P141
P448;P496
P448;P228
P448;P285
P448;P152
P448;P231
P448;P15
P448;P122
P448;P210
P448;P554
P448;P286
P448;P256
P448;P52
P448;P146
P448;P322
P448;P67
P448;P516
P448;P289
P448;P90
P448;P363
P448;P84
P448;P364
P448;P64
P448;P1
P448;P531
P448;P497
P448;P181
P448;P74
P448;P372
P448;P521
P448;P411
P448;P144
P448;P274
P448;P365
P448;P254
P448;P347
P448;P292
P448;P223
P448;P160
P448;P161
P448;P487
P448;P354
P368;P186
P368;P226
P368;P279
P368;P99
P368;P331
P368;P518
P368;P409
P368;P575
P368;P532
P368;P498
P368;P287
P368;P563
P368;P371
P368;P334
P368;P83
P368;P336
P368;P379
P368;P534
P368;P70
P368;P500
P368;P373
P368;P378
P368;P174
P368;P201
P368;P546
P368;P282
P368;P348
P368;P335
P368;P325
P368;P212
P368;P434
P368;P329
P368;P36
P368;P250
P368;P229
P368;P571
P368;P9
P368;P188
P368;P480
P368;P42
P368;P474
P368;P167
P368;P227
P368;P69
P368;P444
P368;P356
P368;P470
P368;P467
P368;P394
P368;P0
P368;P431
P368;P170
P368;P149
P368;P351
P368;P579
P368;P47
P368;P32
P368;P327
P368;P284
P368;P233
P368;P525
P368;P507
P368;P245
P368;P414
P368;P158
P368;P205
P368;P72
P368;P330
P368;P178
P368;P464
P368;P259
P368;P93
P368;P417
P368;P276
P368;P316
P368;P410
P368;P236
P368;P268
P368;P165
P368;P98
P368;P289
P368;P283
P368;P543
P368;P372
P368;P364
P368;P141
P368;P539
P368;P52
P368;P228
P368;P122
P368;P554
P368;P286
P368;P285
P368;P531
P368;P15
P368;P140
P368;P74
P368;P64
P368;P551
P368;P189
P368;P377
P368;P406
P368;P180
P368;P181
P368;P460
P368;P274
P368;P254
P368;P139
P368;P347
P368;P41
P368;P142
P368;P220
P368;P184
P368;P288
P368;P443
P368;P30
P368;P292
P368;P46
P368;P560
P368;P574
P368;P540
P368;P275
P368;P435
P368;P62
P368;P223
P368;P173
P368;P101
P368;P355
P368;P453
P368;P346
P368;P160
P368;P350
P368;P343
P368;P197
P368;P587
P368;P194
P368;P450
P447;P252
P447;P331
P447;P298
P447;P336
P447;P548
P447;P573
P447;P501
P447;P434
P447;P150
P447;P213
P447;P235
P447;P39
P447;P370
P447;P484
P447;P444
P447;P467
P447;P529
P447;P48
P447;P123
P447;P233
P447;P525
P447;P27
P447;P58
P447;P158
P447;P205
P447;P584
P447;P259
P447;P13
P447;P209
P447;P256
P447;P231
P447;P41
P447;P485
P447;P406
P447;P103
P447;P274
P447;P491
P447;P560
P447;P292
P447;P313
P447;P160
P447;P161
P447;P565
P576;P44
P576;P186
P576;P518
P576;P138
P576;P204
P576;P197
P44;P419
P44;P577
P44;P586
P44;P296
P44;P345
P44;P278
P44;P287
P44;P281
P44;P489
P44;P334
P44;P116
P44;P226
P44;P331
P44;P457
P44;P79
P44;P279
P44;P409
P44;P162
P44;P371
P44;P31
P44;P83
P44;P273
P44;P63
P44;P501
P44;P467
P44;P302
P44;P32
P44;P414
P44;P125
P44;P93
P44;P376
P44;P58
P44;P451
P44;P380
P44;P121
P44;P256
P44;P152
P44;P517
P44;P288
P44;P383
P44;P491
P44;P204
P44;P264
P44;P173
P44;P354
P419;P577
P419;P45
P419;P328
P419;P489
P419;P575
P419;P196
P419;P380
P419;P564
P419;P395
P419;P204
P577;P575
P577;P345
P577;P334
P577;P526
P577;P586
P577;P409
P577;P79
P577;P457
P577;P378
P577;P511
P577;P83
P577;P374
P577;P501
P577;P250
P577;P55
P577;P391
P577;P104
P577;P470
P577;P382
P577;P467
P577;P32
P577;P245
P577;P72
P577;P363
P577;P256
P577;P554
P577;P322
P577;P521
P577;P184
P577;P217
P577;P204
P577;P442
P577;P147
P577;P333
P586;P331
P586;P205
P586;P68
P586;P406
P586;P204
P586;P385
P586;P37
P296;P185
P296;P328
P296;P567
P296;P489
P296;P518
P296;P583
P296;P356
P296;P64
P296;P292
P296;P204
P296;P264
P296;P565
P345;P328
P345;P208
P345;P489
P345;P518
P345;P21
P345;P422
P345;P68
P345;P276
P345;P204
P345;P275
P278;P185
P278;P328
P278;P195
P278;P489
P278;P518
P278;P397
P278;P412
P278;P558
P278;P352
P278;P181
P278;P582
P278;P560
P278;P204
P278;P358
P278;P346
P278;P354
P287;P328
P287;P489
P287;P575
P287;P171
P287;P412
P287;P370
P287;P484
P287;P376
P287;P68
P287;P145
P287;P204
P287;P355
P281;P186
P281;P79
P281;P171
P281;P181
P281;P199
P281;P189
P281;P66
P281;P574
P281;P204
P489;P116
P489;P334
P489;P315
P489;P378
P489;P433
P489;P500
P489;P548
P489;P201
P489;P89
P489;P441
P489;P68
P489;P204
P489;P530
P489;P164
P334;P328
P334;P518
P334;P548
P334;P378
P334;P171
P334;P393
P334;P438
P334;P267
P334;P374
P334;P571
P334;P33
P334;P325
P334;P167
P334;P237
P334;P202
P334;P42
P334;P380
P334;P178
P334;P72
P334;P205
P334;P204
P334;P540
P334;P96
P334;P264
P334;P587
P116;P328
P116;P519
P116;P465
P116;P68
P226;P186
P226;P328
P226;P379
P226;P532
P226;P538
P226;P341
P226;P511
P226;P201
P226;P469
P226;P42
P226;P481
P226;P474
P226;P33
P226;P237
P226;P311
P226;P4
P226;P188
P226;P391
P226;P48
P226;P444
P226;P529
P226;P470
P226;P506
P226;P28
P226;P327
P226;P579
P226;P318
P226;P559
P226;P27
P226;P380
P226;P376
P226;P468
P226;P87
P226;P228
P226;P582
P226;P516
P226;P141
P226;P362
P226;P323
P226;P203
P226;P210
P226;P138
P226;P98
P226;P536
P226;P90
P226;P283
P226;P40
P226;P118
P226;P549
P226;P535
P226;P246
P226;P13
P226;P16
P226;P51
P226;P181
P226;P15
P226;P140
P226;P139
P226;P220
P226;P531
P226;P254
P226;P74
P226;P64
P226;P347
P226;P122
P226;P115
P226;P294
P226;P288
P226;P206
P226;P471
P226;P292
P226;P522
P226;P491
P226;P92
P226;P204
P226;P313
P226;P223
P226;P182
P226;P37
P226;P191
P226;P299
P226;P346
P226;P91
P226;P197
P226;P192
P226;P587
P226;P388
P226;P194
P331;P186
P331;P537
P331;P79
P331;P567
P331;P208
P331;P532
P331;P293
P331;P563
P331;P433
P331;P83
P331;P518
P331;P70
P331;P572
P331;P25
P331;P212
P331;P31
P331;P14
P331;P305
P331;P61
P331;P117
P331;P221
P331;P440
P331;P290
P331;P438
P331;P583
P331;P198
P331;P434
P331;P481
P331;P219
P331;P474
P331;P397
P331;P314
P331;P42
P331;P553
P331;P179
P331;P33
P331;P202
P331;P484
P331;P126
P331;P370
P331;P177
P331;P558
P331;P467
P331;P470
P331;P143
P331;P170
P331;P502
P331;P405
P331;P21
P331;P359
P331;P163
P331;P222
P331;P318
P331;P266
P331;P27
P331;P233
P331;P125
P331;P352
P331;P478
P331;P300
P331;P158
P331;P380
P331;P58
P331;P73
P331;P3
P331;P17
P331;P362
P331;P207
P331;P446
P331;P316
P331;P410
P331;P68
P331;P468
P331;P121
P331;P155
P331;P11
P331;P178
P331;P401
P331;P166
P331;P376
P331;P247
P331;P286
P331;P539
P331;P84
P331;P543
P331;P268
P331;P320
P331;P582
P331;P23
P331;P531
P331;P283
P331;P497
P331;P521
P331;P118
P331;P246
P331;P402
P331;P146
P331;P471
P331;P49
P331;P522
P331;P490
P331;P220
P331;P231
P331;P496
P331;P347
P331;P181
P331;P19
P331;P142
P331;P339
P331;P280
P331;P274
P331;P211
P331;P240
P331;P66
P331;P242
P331;P423
P331;P292
P331;P443
P331;P383
P331;P204
P331;P454
P331;P439
P331;P435
P331;P358
P331;P386
P331;P264
P331;P182
P331;P173
P331;P37
P331;P355
P331;P299
P331;P453
P331;P97
P331;P234
P331;P160
P331;P161
P331;P168
P331;P34
P331;P333
P331;P192
P331;P487
P331;P388
P331;P261
P331;P194
P331;P354
P331;P308
P457;P185
P457;P279
P457;P572
P457;P83
P457;P434
P457;P495
P457;P357
P457;P583
P457;P219
P457;P202
P457;P42
P457;P39
P457;P397
P457;P314
P457;P356
P457;P467
P457;P529
P457;P352
P457;P125
P457;P158
P457;P47
P457;P11
P457;P464
P457;P417
P457;P497
P457;P488
P457;P406
P457;P288
P457;P274
P457;P204
P457;P530
P457;P386
P457;P346
P79;P185
P79;P83
P79;P379
P79;P89
P79;P569
P79;P511
P79;P31
P79;P461
P79;P213
P79;P397
P79;P21
P79;P93
P79;P72
P79;P451
P79;P361
P79;P145
P79;P543
P79;P289
P79;P483
P79;P118
P79;P283
P79;P365
P79;P274
P79;P406
P79;P204
P79;P56
P79;P12
P79;P261
P79;P194
P279;P162
P279;P341
P279;P4
P279;P421
P279;P125
P279;P153
P279;P77
P279;P473
P279;P58
P279;P464
P279;P544
P279;P564
P279;P521
P279;P364
P279;P522
P279;P322
P279;P426
P279;P122
P279;P285
P279;P254
P279;P41
P279;P286
P279;P181
P279;P140
P279;P347
P279;P74
P279;P139
P279;P531
P279;P460
P279;P15
P279;P64
P279;P115
P279;P471
P279;P220
P279;P144
P279;P142
P279;P30
P279;P551
P279;P274
P279;P339
P279;P204
P279;P366
P279;P503
P279;P261
P279;P194
P279;P354
P409;P328
P409;P99
P409;P518
P409;P83
P409;P5
P409;P176
P409;P290
P409;P329
P409;P561
P409;P33
P409;P571
P409;P21
P409;P470
P409;P330
P409;P73
P409;P125
P409;P477
P409;P422
P409;P207
P409;P464
P409;P209
P409;P138
P409;P521
P409;P406
P409;P288
P409;P242
P409;P66
P409;P204
P409;P310
P409;P194
P162;P328
P162;P83
P162;P325
P162;P33
P162;P470
P162;P318
P162;P497
P162;P246
P162;P40
P162;P210
P162;P516
P162;P141
P162;P16
P162;P372
P162;P51
P162;P285
P162;P426
P162;P152
P162;P406
P162;P204
P162;P530
P162;P97
P371;P518
P371;P329
P371;P579
P371;P323
P371;P347
P371;P383
P371;P142
P371;P94
P371;P204
P31;P538
P31;P534
P31;P315
P31;P250
P31;P177
P31;P172
P31;P292
P31;P540
P31;P160
P31;P458
P83;P186
P83;P528
P83;P208
P83;P99
P83;P518
P83;P348
P83;P325
P83;P546
P83;P22
P83;P461
P83;P315
P83;P174
P83;P433
P83;P571
P83;P469
P83;P177
P83;P237
P83;P374
P83;P305
P83;P434
P83;P188
P83;P250
P83;P474
P83;P21
P83;P356
P83;P484
P83;P444
P83;P412
P83;P172
P83;P397
P83;P558
P83;P352
P83;P224
P83;P175
P83;P32
P83;P579
P83;P81
P83;P477
P83;P468
P83;P178
P83;P464
P83;P361
P83;P376
P83;P584
P83;P166
P83;P422
P83;P93
P83;P72
P83;P205
P83;P68
P83;P58
P83;P11
P83;P323
P83;P543
P83;P268
P83;P256
P83;P564
P83;P13
P83;P283
P83;P535
P83;P118
P83;P98
P83;P15
P83;P322
P83;P23
P83;P395
P83;P554
P83;P139
P83;P64
P83;P521
P83;P138
P83;P181
P83;P582
P83;P551
P83;P471
P83;P491
P83;P184
P83;P383
P83;P292
P83;P288
P83;P66
P83;P204
P83;P262
P83;P435
P83;P358
P83;P313
P83;P173
P83;P37
P83;P355
P83;P340
P83;P312
P83;P346
P83;P97
P83;P389
P83;P249
P83;P160
P83;P343
P83;P34
P83;P197
P83;P458
P83;P587
P83;P194
P273;P575
P273;P534
P273;P572
P273;P315
P273;P373
P273;P484
P273;P276
P273;P289
P273;P160
P63;P537
P63;P575
P63;P572
P63;P461
P63;P188
P63;P444
P63;P47
P63;P178
P63;P362
P63;P289
P63;P203
P63;P16
P63;P121
P63;P23
P63;P189
P63;P288
P63;P560
P63;P204
P63;P435
P63;P313
P501;P186
P501;P538
P501;P534
P501;P374
P501;P188
P501;P21
P501;P484
P501;P149
P501;P178
P501;P535
P501;P13
P501;P322
P501;P1
P501;P554
P501;P23
P501;P521
P501;P288
P501;P540
P501;P37
P501;P194
P501;P354
P467;P186
P467;P465
P467;P575
P467;P538
P467;P174
P467;P434
P467;P106
P467;P250
P467;P571
P467;P484
P467;P224
P467;P32
P467;P178
P467;P380
P467;P376
P467;P283
P467;P11
P467;P285
P467;P286
P467;P516
P467;P52
P467;P543
P467;P64
P467;P15
P467;P395
P467;P23
P467;P90
P467;P363
P467;P139
P467;P66
P467;P189
P467;P288
P467;P423
P467;P560
P467;P62
P467;P264
P467;P354
P302;P567
P302;P538
P302;P572
P302;P315
P302;P325
P32;P195
P32;P575
P32;P243
P32;P298
P32;P572
P32;P174
P32;P250
P32;P225
P32;P480
P32;P474
P32;P470
P32;P123
P32;P506
P32;P579
P32;P327
P32;P58
P32;P316
P32;P362
P32;P276
P32;P13
P32;P285
P32;P491
P32;P139
P32;P274
P32;P184
P32;P560
P32;P292
P32;P214
P32;P386
P32;P216
P414;P298
P414;P571
P414;P516
P414;P292
P414;P333
P125;P186
P125;P208
P93;P518
P93;P298
P93;P538
P93;P534
P93;P548
P93;P373
P93;P201
P93;P434
P93;P556
P93;P250
P93;P225
P93;P469
P93;P407
P93;P356
P93;P21
P93;P0
P93;P77
P93;P266
P93;P284
P93;P178
P93;P376
P93;P166
P93;P259
P93;P326
P93;P497
P93;P52
P93;P286
P93;P122
P93;P64
P93;P322
P93;P491
P93;P274
P93;P406
P93;P94
P376;P518
P376;P298
P376;P379
P376;P433
P376;P373
P376;P215
P376;P569
P376;P290
P376;P573
P376;P545
P376;P556
P376;P250
P376;P33
P376;P474
P376;P270
P376;P0
P376;P224
P376;P153
P376;P178
P376;P95
P376;P464
P376;P437
P376;P259
P376;P166
P376;P236
P376;P98
P376;P554
P376;P285
P376;P326
P376;P531
P376;P543
P376;P23
P376;P521
P376;P522
P376;P142
P376;P46
P376;P292
P376;P96
P376;P56
P376;P313
P376;P366
P376;P223
P376;P453
P376;P234
P376;P161
P58;P186
P58;P528
P58;P567
P58;P195
P58;P465
P58;P298
P58;P315
P58;P434
P58;P305
P58;P469
P58;P484
P58;P412
P58;P47
P58;P380
P58;P190
P58;P283
P58;P289
P58;P256
P58;P13
P58;P84
P58;P210
P58;P535
P58;P1
P58;P554
P58;P423
P58;P189
P58;P184
P58;P46
P58;P292
P58;P265
P58;P66
P58;P406
P58;P30
P58;P488
P58;P274
P58;P200
P58;P491
P58;P41
P58;P92
P58;P383
P58;P206
P58;P262
P58;P313
P58;P264
P58;P453
P58;P312
P58;P346
P58;P343
P58;P587
P451;P298
P451;P538
P451;P572
P451;P250
P451;P225
P451;P0
P451;P178
P451;P285
P451;P88
P380;P277
P380;P25
P380;P298
P380;P70
P380;P572
P380;P378
P380;P393
P380;P341
P380;P150
P380;P33
P380;P105
P380;P431
P380;P506
P380;P175
P380;P165
P380;P141
P380;P236
P380;P549
P380;P274
P380;P181
P380;P103
P380;P551
P380;P522
P380;P292
P380;P486
P380;P214
P380;P97
P380;P88
P380;P333
P380;P192
P121;P45
P121;P518
P121;P298
P121;P538
P121;P325
P121;P176
P121;P250
P121;P225
P121;P407
P121;P356
P121;P21
P121;P529
P121;P301
P121;P266
P121;P566
P121;P68
P121;P11
P121;P256
P121;P275
P121;P88
P121;P354
P256;P45
P256;P528
P256;P208
P256;P563
P256;P298
P256;P538
P256;P315
P256;P373
P256;P378
P256;P174
P256;P201
P256;P573
P256;P325
P256;P434
P256;P305
P256;P33
P256;P469
P256;P188
P256;P270
P256;P202
P256;P172
P256;P100
P256;P309
P256;P506
P256;P158
P256;P72
P256;P464
P256;P259
P256;P11
P256;P268
P256;P283
P256;P395
P256;P543
P256;P159
P256;P497
P256;P274
P256;P339
P256;P406
P256;P41
P256;P377
P256;P120
P256;P189
P256;P217
P256;P103
P256;P332
P256;P142
P256;P92
P256;P180
P256;P491
P256;P488
P256;P522
P256;P460
P256;P184
P256;P423
P256;P257
P256;P292
P256;P294
P152;P379
P152;P548
P152;P325
P152;P270
P152;P202
P152;P224
P152;P557
P152;P543
P152;P383
P152;P294
P152;P206
P152;P30
P152;P514
P152;P262
P152;P37
P517;P298
P517;P68
P517;P454
P288;P186
P288;P563
P288;P298
P288;P336
P288;P341
P288;P21
P288;P172
P288;P100
P288;P6
P288;P170
P288;P224
P288;P205
P288;P584
P288;P483
P288;P87
P288;P141
P288;P122
P288;P554
P288;P365
P288;P274
P288;P184
P288;P389
P288;P503
P288;P91
P383;P208
P383;P518
P383;P298
P383;P336
P383;P548
P383;P373
P383;P378
P383;P290
P383;P545
P383;P213
P383;P106
P383;P469
P383;P229
P383;P39
P383;P480
P383;P484
P383;P412
P383;P21
P383;P431
P383;P170
P383;P47
P383;P27
P383;P158
P383;P137
P383;P330
P383;P87
P383;P52
P383;P67
P383;P265
P383;P292
P383;P56
P383;P313
P383;P160
P383;P350
P383;P523
P383;P354
P491;P195
P491;P518
P491;P336
P491;P70
P491;P373
P491;P511
P491;P282
P491;P341
P491;P213
P491;P219
P491;P9
P491;P474
P491;P412
P491;P301
P491;P431
P491;P27
P491;P158
P491;P478
P491;P464
P491;P11
P491;P364
P491;P516
P491;P87
P491;P497
P491;P122
P491;P231
P491;P265
P491;P406
P491;P274
P491;P189
P491;P292
P491;P206
P491;P540
P491;P262
P491;P358
P491;P197
P575;P186
P575;P328
P575;P243
P575;P89
P575;P315
P575;P480
P575;P9
P575;P309
P575;P470
P575;P172
P575;P391
P575;P394
P575;P210
P575;P363
P575;P283
P575;P496
P575;P406
P575;P103
P575;P94
P575;P294
P575;P92
P575;P292
P575;P204
P575;P261
P378;P186
P378;P465
P378;P538
P378;P546
P378;P553
P378;P227
P378;P172
P378;P431
P378;P82
P378;P352
P378;P361
P378;P17
P378;P52
P378;P364
P378;P90
P378;P84
P378;P326
P378;P209
P378;P142
P378;P404
P378;P131
P378;P217
P378;P496
P378;P146
P378;P485
P378;P19
P378;P15
P378;P189
P378;P30
P511;P537
P511;P567
P511;P538
P511;P534
P511;P315
P511;P89
P511;P434
P511;P21
P511;P579
P511;P149
P511;P323
P511;P286
P511;P292
P511;P560
P511;P184
P511;P541
P511;P102
P511;P346
P511;P249
P374;P186
P374;P534
P374;P572
P374;P548
P374;P373
P374;P215
P374;P573
P374;P440
P374;P133
P374;P188
P374;P170
P374;P21
P374;P0
P374;P224
P374;P356
P374;P156
P374;P100
P374;P301
P374;P196
P374;P82
P374;P470
P374;P382
P374;P47
P374;P268
P374;P283
P374;P551
P374;P103
P374;P322
P374;P30
P374;P184
P374;P541
P374;P223
P374;P71
P374;P97
P250;P195
P250;P396
P250;P563
P250;P538
P250;P373
P250;P174
P250;P400
P250;P163
P250;P394
P250;P391
P250;P398
P250;P172
P250;P470
P250;P205
P250;P259
P250;P166
P250;P316
P250;P362
P250;P236
P250;P466
P250;P130
P250;P95
P250;P417
P250;P446
P250;P276
P250;P68
P250;P190
P250;P184
P250;P274
P250;P339
P250;P94
P250;P262
P250;P587
P55;P538
P55;P534
P55;P572
P55;P315
P55;P373
P55;P174
P55;P355
P391;P538
P391;P379
P391;P315
P391;P174
P391;P571
P391;P322
P391;P435
P391;P313
P470;P186
P470;P528
P470;P195
P470;P208
P470;P379
P470;P546
P470;P434
P470;P106
P470;P225
P470;P571
P470;P188
P470;P21
P470;P0
P470;P178
P470;P535
P470;P11
P470;P276
P470;P289
P470;P68
P470;P543
P470;P64
P470;P516
P470;P554
P470;P395
P470;P531
P470;P423
P470;P265
P470;P560
P470;P292
P470;P56
P470;P313
P470;P173
P470;P37
P470;P197
P470;P354
P382;P538
P382;P379
P382;P235
P382;P225
P382;P21
P382;P289
P382;P531
P245;P208
P245;P572
P245;P373
P245;P558
P245;P283
P245;P554
P245;P322
P245;P280
P245;P514
P245;P435
P245;P340
P72;P186
P72;P45
P72;P537
P72;P277
P72;P195
P72;P298
P72;P379
P72;P572
P72;P33
P72;P42
P72;P553
P72;P317
P72;P392
P72;P28
P72;P506
P72;P158
P72;P205
P72;P330
P72;P190
P72;P516
P72;P141
P72;P268
P72;P15
P72;P564
P72;P543
P72;P1
P72;P497
P72;P274
P72;P159
P72;P395
P72;P522
P72;P199
P72;P358
P72;P453
P363;P45
P363;P538
P363;P379
P363;P22
P363;P325
P363;P270
P363;P100
P363;P301
P363;P309
P363;P258
P363;P170
P363;P190
P363;P11
P363;P84
P363;P23
P363;P516
P363;P540
P363;P349
P554;P538
P554;P379
P554;P70
P554;P433
P554;P324
P554;P571
P554;P202
P554;P359
P554;P196
P554;P57
P554;P166
P554;P466
P554;P432
P554;P130
P554;P543
P554;P364
P554;P122
P554;P285
P554;P181
P554;P322
P554;P67
P554;P406
P554;P274
P554;P292
P554;P66
P554;P313
P554;P160
P554;P192
P554;P157
P554;P523
P322;P186
P322;P567
P322;P379
P322;P548
P322;P434
P322;P305
P322;P61
P322;P481
P322;P229
P322;P571
P322;P455
P322;P553
P322;P69
P322;P82
P322;P431
P322;P477
P322;P330
P322;P401
P322;P68
P322;P13
P322;P362
P322;P209
P322;P535
P322;P543
P322;P364
P322;P411
P322;P1
P322;P496
P322;P180
P322;P395
P322;P120
P322;P386
P322;P366
P322;P355
P521;P195
P521;P518
P521;P298
P521;P538
P521;P379
P521;P315
P521;P89
P521;P290
P521;P393
P521;P438
P521;P469
P521;P270
P521;P202
P521;P172
P521;P48
P521;P170
P521;P547
P521;P153
P521;P158
P521;P477
P521;P543
P521;P189
P521;P406
P521;P292
P521;P274
P521;P265
P521;P439
P521;P541
P521;P350
P521;P88
P521;P261
P184;P45
P184;P277
P184;P298
P184;P336
P184;P373
P184;P22
P184;P282
P184;P569
P184;P290
P184;P229
P184;P39
P184;P42
P184;P553
P184;P21
P184;P300
P184;P276
P184;P483
P184;P564
P184;P87
P184;P411
P184;P254
P184;P395
P184;P220
P184;P274
P184;P294
P184;P313
P184;P173
P184;P587
P184;P354
P217;P298
P217;P548
P217;P373
P217;P174
P217;P556
P217;P571
P217;P27
P217;P464
P217;P190
P217;P209
P217;P543
P217;P23
P217;P496
P217;P347
P217;P189
P217;P560
P217;P292
P217;P454
P205;P45
P205;P441
P205;P315
P205;P215
P205;P188
P205;P484
P205;P553
P205;P153
P205;P479
P205;P420
P205;P330
P205;P477
P205;P165
P205;P283
P205;P41
P205;P139
P205;P332
P205;P15
P205;P292
P205;P274
P205;P406
P205;P358
P205;P91
P205;P333
P68;P277
P68;P132
P68;P518
P68;P243
P68;P298
P68;P336
P68;P538
P68;P572
P68;P545
P68;P440
P68;P481
P68;P225
P68;P370
P68;P356
P68;P398
P68;P224
P68;P266
P68;P60
P68;P175
P68;P209
P68;P13
P68;P254
P68;P488
P68;P211
P68;P292
P68;P313
P68;P88
P68;P354
P68;P193
P406;P186
P406;P537
P406;P528
P406;P298
P406;P336
P406;P70
P406;P315
P406;P433
P406;P174
P406;P22
P406;P348
P406;P188
P406;P484
P406;P474
P406;P356
P406;P21
P406;P172
P406;P558
P406;P47
P406;P428
P406;P175
P406;P300
P406;P27
P406;P584
P406;P330
P406;P178
P406;P464
P406;P17
P406;P190
P406;P11
P406;P410
P406;P564
P406;P209
P406;P283
P406;P87
P406;P52
P406;P23
P406;P286
P406;P64
P406;P181
P406;P254
P406;P265
P406;P189
P406;P66
P406;P540
P406;P275
P406;P358
P406;P313
P406;P223
P406;P37
P406;P355
P406;P312
P406;P97
P406;P389
P406;P343
P406;P161
P406;P197
P406;P587
P406;P308
P186;P277
P186;P528
P186;P567
P186;P396
P186;P546
P186;P215
P186;P148
P186;P36
P186;P267
P186;P229
P186;P237
P186;P188
P186;P392
P186;P314
P186;P319
P186;P397
P186;P270
P186;P21
P186;P547
P186;P60
P186;P170
P186;P77
P186;P233
P186;P473
P186;P446
P186;P479
P186;P323
P186;P246
P186;P122
P186;P285
P186;P280
P186;P1
P186;P427
P186;P582
P186;P66
P186;P274
P186;P292
P186;P530
P186;P204
P186;P442
P186;P386
P186;P355
P186;P299
P186;P192
P277;P290
P277;P481
P277;P36
P277;P229
P277;P42
P277;P33
P277;P484
P277;P126
P277;P397
P277;P235
P277;P314
P277;P558
P277;P28
P277;P222
P277;P175
P277;P352
P277;P155
P277;P268
P277;P490
P277;P274
P277;P204
P277;P262
P277;P164
P277;P386
P277;P182
P277;P101
P277;P350
P277;P161
P277;P91
P277;P458
P528;P185
P528;P328
P528;P252
P528;P208
P528;P14
P528;P325
P528;P22
P528;P171
P528;P306
P528;P219
P528;P229
P528;P583
P528;P39
P528;P21
P528;P270
P528;P0
P528;P301
P528;P82
P528;P300
P528;P47
P528;P466
P528;P3
P528;P17
P528;P289
P528;P294
P528;P204
P528;P299
P528;P249
P528;P194
P528;P354
P567;P195
P567;P315
P567;P434
P567;P461
P567;P341
P567;P481
P567;P229
P567;P4
P567;P570
P567;P351
P567;P566
P567;P276
P567;P323
P567;P582
P567;P404
P567;P292
P396;P328
P396;P412
P396;P11
P396;P23
P396;P283
P546;P132
P546;P518
P546;P538
P546;P150
P546;P282
P546;P225
P546;P455
P546;P126
P546;P33
P546;P314
P546;P9
P546;P270
P546;P21
P546;P356
P546;P553
P546;P172
P546;P47
P546;P446
P546;P178
P546;P417
P546;P122
P546;P268
P546;P98
P546;P165
P546;P274
P546;P189
P546;P292
P546;P204
P546;P299
P546;P193
P215;P518
P215;P243
P215;P534
P215;P434
P215;P229
P215;P237
P215;P227
P215;P370
P215;P167
P215;P69
P215;P317
P215;P502
P215;P444
P215;P361
P215;P77
P215;P584
P215;P153
P215;P446
P215;P466
P215;P401
P215;P95
P215;P464
P215;P238
P215;P437
P215;P1
P215;P516
P215;P292
P215;P173
P215;P34
P36;P534
P36;P572
P36;P315
P36;P481
P36;P219
P36;P474
P36;P0
P36;P64
P267;P441
P267;P534
P267;P207
P267;P203
P267;P190
P267;P347
P267;P51
P267;P231
P267;P220
P267;P540
P229;P572
P229;P373
P229;P174
P229;P444
P229;P21
P229;P224
P229;P464
P229;P190
P229;P62
P237;P208
P237;P572
P237;P434
P237;P33
P237;P224
P237;P283
P237;P289
P237;P395
P237;P52
P237;P274
P237;P313
P188;P208
P188;P465
P188;P538
P188;P341
P188;P33
P188;P571
P188;P42
P188;P202
P188;P553
P188;P444
P188;P47
P188;P0
P188;P421
P188;P170
P188;P477
P188;P557
P188;P90
P188;P98
P188;P254
P188;P139
P188;P274
P188;P460
P188;P339
P188;P108
P392;P195
P392;P538
P392;P379
P392;P440
P392;P1
P392;P313
P392;P366
P314;P315
P397;P132
P397;P99
P397;P518
P397;P538
P397;P572
P397;P315
P397;P433
P270;P45
P270;P538
P270;P21
P270;P356
P270;P166
P270;P283
P270;P543
P270;P87
P270;P410
P270;P228
P270;P372
P270;P145
P270;P13
P270;P326
P270;P98
P270;P364
P270;P16
P270;P313
P270;P37
P270;P333
P21;P572
P21;P290
P21;P561
P21;P556
P21;P33
P21;P225
P21;P38
P21;P9
P21;P196
P21;P0
P21;P506
P21;P170
P21;P47
P21;P82
P21;P301
P21;P60
P21;P466
P21;P525
P21;P330
P21;P327
P21;P178
P21;P464
P21;P166
P21;P27
P21;P289
P21;P98
P21;P326
P21;P13
P21;P395
P21;P122
P21;P543
P21;P67
P21;P52
P21;P531
P21;P283
P21;P90
P21;P180
P21;P551
P21;P292
P21;P443
P21;P385
P21;P358
P21;P349
P21;P386
P21;P101
P21;P191
P21;P299
P21;P389
P21;P503
P21;P161
P21;P197
P21;P354
P547;P538
P547;P379
P547;P174
P547;P201
P547;P139
P60;P379
P60;P315
P60;P174
P60;P305
P60;P166
P60;P275
P60;P313
P60;P355
P170;P465
P170;P379
P170;P70
P170;P572
P170;P373
P170;P225
P170;P444
P170;P356
P170;P506
P170;P320
P170;P410
P170;P165
P170;P289
P170;P411
P170;P362
P170;P564
P170;P543
P170;P283
P170;P84
P170;P13
P170;P372
P170;P560
P170;P439
P170;P435
P170;P366
P170;P587
P77;P538
P77;P572
P77;P174
P77;P201
P77;P11
P77;P466
P77;P446
P77;P166
P77;P236
P77;P464
P77;P259
P77;P190
P77;P52
P77;P516
P77;P560
P77;P439
P77;P275
P77;P264
P233;P379
P233;P433
P233;P373
P233;P346
P473;P315
P473;P174
P473;P356
P473;P268
P473;P543
P473;P395
P473;P358
P473;P313
P473;P194
P446;P298
P446;P572
P446;P373
P446;P171
P446;P225
P446;P190
P446;P264
P446;P453
P446;P161
P479;P298
P479;P190
P479;P543
P479;P283
P479;P84
P479;P189
P479;P313
P479;P312
P323;P45
P323;P518
P323;P293
P323;P298
P323;P336
P323;P538
P323;P373
P246;P45
P246;P208
P246;P243
P246;P298
P246;P70
P246;P373
P246;P305
P122;P195
P122;P298
P122;P538
P122;P379
P122;P22
P122;P393
P122;P325
P122;P47
P122;P535
P122;P531
P122;P285
P122;P140
P122;P146
P122;P254
P122;P15
P122;P74
P122;P64
P122;P144
P122;P292
P285;P518
P285;P298
P285;P538
P285;P70
P285;P22
P285;P357
P285;P573
P285;P463
P285;P571
P285;P224
P285;P73
P285;P153
P285;P507
P285;P584
P285;P276
P285;P190
P285;P283
P285;P543
P285;P87
P285;P254
P285;P64
P285;P274
P285;P265
P285;P292
P285;P275
P285;P234
P285;P197
P280;P298
P280;P379
P280;P70
P280;P484
P1;P537
P1;P534
P1;P89
P1;P22
P1;P14
P1;P348
P1;P434
P1;P484
P1;P127
P1;P149
P1;P428
P1;P570
P1;P95
P1;P410
P1;P564
P1;P268
P1;P543
P1;P364
P1;P87
P1;P52
P1;P411
P1;P377
P1;P181
P1;P254
P1;P74
P1;P551
P1;P292
P1;P486
P1;P312
P1;P389
P1;P350
P427;P298
P427;P379
P427;P70
P427;P548
P427;P373
P427;P543
P427;P87
P427;P131
P427;P292
P427;P142
P582;P45
P582;P298
P582;P336
P582;P538
P582;P379
P582;P548
P582;P315
P582;P569
P582;P33
P66;P328
P66;P298
P66;P534
P66;P70
P66;P373
P66;P89
P66;P571
P66;P39
P66;P82
P66;P47
P66;P477
P66;P464
P66;P130
P66;P276
P66;P11
P66;P564
P66;P516
P66;P87
P66;P411
P66;P531
P66;P395
P66;P200
P66;P488
P66;P377
P66;P274
P66;P514
P66;P262
P66;P386
P66;P587
P66;P388
P66;P354
P274;P537
P274;P298
P274;P336
P274;P171
P274;P461
P274;P348
P274;P434
P274;P213
P274;P469
P274;P571
P274;P412
P274;P444
P274;P356
P274;P558
P274;P579
P274;P47
P274;P27
P274;P158
P274;P584
P274;P330
P274;P178
P274;P166
P274;P276
P274;P11
P274;P483
P274;P410
P274;P326
P274;P98
P274;P535
P274;P289
P274;P283
P274;P543
P274;P516
P274;P52
P274;P23
P274;P286
P274;P64
P274;P139
P274;P142
P274;P265
P274;P551
P274;P189
P274;P292
P274;P560
P274;P275
P274;P262
P274;P164
P274;P313
P274;P223
P274;P264
P274;P173
P274;P37
P274;P355
P274;P453
P274;P312
P274;P97
P274;P160
P274;P343
P274;P161
P274;P88
P274;P197
P274;P587
P274;P194
P274;P354
P292;P185
P292;P328
P292;P519
P292;P132
P292;P518
P292;P243
P292;P563
P292;P293
P292;P298
P292;P336
P292;P70
P292;P548
P292;P373
P292;P5
P292;P22
P292;P461
P292;P282
P292;P482
P292;P290
P292;P341
P292;P212
P292;P434
P292;P324
P292;P150
P292;P213
P292;P133
P292;P556
P292;P33
P292;P469
P292;P571
P292;P39
P292;P455
P292;P370
P292;P42
P292;P553
P292;P359
P292;P412
P292;P172
P292;P258
P292;P224
P292;P47
P292;P428
P292;P175
P292;P507
P292;P112
P292;P27
P292;P158
P292;P477
P292;P557
P292;P330
P292;P401
P292;P95
P292;P464
P292;P166
P292;P259
P292;P437
P292;P466
P292;P17
P292;P238
P292;P190
P292;P11
P292;P203
P292;P209
P292;P326
P292;P98
P292;P535
P292;P283
P292;P52
P292;P23
P292;P140
P292;P74
P292;P181
P292;P231
P292;P254
P292;P347
P292;P19
P292;P142
P292;P426
P292;P41
P292;P200
P292;P92
P292;P30
P292;P206
P292;P275
P292;P262
P292;P164
P292;P385
P292;P313
P292;P386
P292;P147
P292;P173
P292;P37
P292;P493
P292;P102
P292;P191
P292;P340
P292;P346
P292;P97
P292;P234
P292;P249
P292;P160
P292;P88
P292;P197
P292;P587
P292;P261
P292;P565
P292;P194
P292;P354
P45;P163
P45;P506
P45;P149
P45;P145
P45;P165
P45;P564
P45;P11
P45;P536
P45;P362
P45;P372
P45;P203
P45;P543
P45;P320
P45;P550
P45;P364
P45;P90
P45;P236
P45;P40
P45;P154
P45;P289
P45;P326
P45;P549
P45;P84
P45;P283
P45;P16
P45;P483
P45;P13
P45;P204
P45;P262
P45;P587
P163;P538
P163;P572
P163;P571
P163;P412
P163;P330
P163;P551
P163;P366
P506;P538
P506;P572
P506;P225
P506;P553
P506;P258
P506;P330
P506;P149
P506;P535
P506;P189
P506;P514
P506;P389
P506;P160
P506;P261
P149;P538
P149;P379
P149;P373
P149;P22
P149;P461
P149;P258
P149;P579
P149;P139
P149;P159
P149;P265
P149;P46
P149;P261
P149;P354
P145;P208
P145;P298
P145;P336
P145;P201
P145;P325
P145;P305
P145;P571
P145;P202
P145;P210
P145;P52
P145;P286
P145;P358
P145;P97
P165;P208
P165;P336
P165;P538
P165;P373
P165;P133
P165;P33
P165;P225
P165;P484
P165;P202
P165;P100
P165;P224
P165;P266
P165;P137
P165;P477
P165;P52
P165;P349
P165;P147
P564;P195
P564;P99
P564;P518
P564;P298
P564;P538
P564;P5
P564;P325
P564;P33
P564;P225
P564;P105
P564;P405
P564;P156
P564;P100
P564;P301
P564;P309
P564;P558
P564;P224
P564;P445
P564;P266
P564;P557
P564;P539
P564;P64
P564;P98
P564;P268
P564;P220
P564;P487
P564;P354
P11;P298
P11;P336
P11;P572
P11;P325
P11;P305
P11;P213
P11;P556
P11;P225
P11;P9
P11;P356
P11;P100
P11;P48
P11;P539
P11;P364
P11;P516
P11;P543
P11;P84
P11;P362
P11;P87
P11;P283
P11;P326
P11;P209
P11;P372
P11;P16
P11;P189
P11;P386
P11;P147
P11;P346
P362;P298
P362;P379
P362;P22
P362;P225
P362;P202
P362;P309
P362;P224
P362;P266
P362;P178
P362;P56
P362;P354
P372;P208
P372;P298
P372;P538
P372;P201
P372;P529
P372;P309
P372;P558
P372;P258
P372;P178
P372;P289
P372;P181
P372;P439
P372;P275
P203;P518
P203;P298
P203;P538
P203;P70
P203;P315
P203;P373
P203;P325
P203;P556
P203;P33
P203;P225
P203;P390
P203;P202
P203;P26
P203;P172
P203;P529
P203;P100
P203;P301
P203;P266
P203;P178
P203;P289
P203;P551
P203;P120
P203;P275
P203;P340
P203;P88
P543;P99
P543;P518
P543;P298
P543;P336
P543;P538
P543;P548
P543;P315
P543;P282
P543;P305
P543;P33
P543;P202
P543;P309
P543;P558
P543;P258
P543;P158
P543;P477
P543;P178
P543;P268
P543;P84
P543;P23
P543;P15
P543;P539
P543;P231
P543;P254
P543;P228
P543;P210
P543;P159
P543;P320
P543;P516
P543;P496
P543;P74
P543;P141
P543;P67
P543;P497
P543;P52
P543;P347
P543;P181
P543;P531
P543;P365
P543;P144
P543;P142
P543;P19
P543;P488
P543;P551
P543;P41
P543;P211
P543;P131
P543;P490
P543;P426
P543;P339
P543;P522
P543;P485
P543;P460
P543;P103
P543;P139
P543;P220
P543;P265
P543;P332
P543;P275
P543;P56
P543;P358
P543;P386
P543;P173
P543;P71
P543;P88
P543;P354
P320;P208
P320;P465
P320;P298
P320;P336
P320;P538
P320;P548
P320;P201
P320;P348
P320;P202
P320;P301
P320;P309
P320;P587
P550;P518
P550;P336
P364;P298
P364;P336
P364;P538
P364;P325
P364;P434
P364;P305
P364;P571
P364;P202
P364;P412
P364;P254
P364;P181
P364;P411
P364;P264
P90;P298
P90;P336
P90;P538
P90;P379
P90;P548
P90;P202
P90;P529
P90;P47
P90;P516
P90;P439
P90;P56
P90;P389
P236;P298
P236;P538
P236;P379
P236;P315
P236;P201
P236;P335
P236;P225
P236;P390
P236;P571
P236;P202
P236;P444
P236;P356
P236;P529
P236;P301
P236;P309
P236;P566
P236;P579
P236;P23
P236;P540
P236;P62
P236;P264
P236;P587
P154;P298
P154;P336
P154;P379
P154;P548
P154;P315
P289;P185
P289;P328
P289;P336
P289;P379
P289;P70
P289;P573
P289;P305
P289;P235
P289;P202
P289;P444
P289;P143
P289;P172
P289;P100
P289;P301
P289;P258
P289;P127
P289;P175
P289;P158
P289;P478
P289;P178
P289;P276
P289;P87
P289;P516
P289;P254
P289;P531
P289;P159
P289;P283
P289;P560
P289;P275
P289;P349
P289;P71
P289;P587
P326;P195
P326;P298
P326;P538
P326;P379
P326;P390
P326;P202
P326;P100
P326;P309
P326;P258
P326;P166
P326;P535
P549;P208
P549;P298
P549;P336
P549;P538
P549;P379
P549;P70
P549;P548
P549;P573
P549;P325
P549;P305
P549;P484
P549;P172
P549;P224
P549;P98
P549;P283
P549;P347
P549;P142
P549;P264
P549;P312
P549;P160
P549;P587
P84;P243
P84;P298
P84;P336
P84;P538
P84;P201
P84;P325
P84;P305
P84;P390
P84;P474
P84;P202
P84;P258
P84;P166
P84;P276
P84;P98
P84;P23
P283;P183
P283;P518
P283;P298
P283;P538
P283;P548
P283;P569
P283;P335
P283;P495
P283;P573
P283;P325
P283;P434
P283;P305
P283;P324
P283;P583
P283;P133
P283;P9
P283;P167
P283;P407
P283;P412
P283;P356
P283;P172
P283;P529
P283;P100
P283;P394
P283;P309
P283;P258
P283;P224
P283;P73
P283;P47
P283;P300
P283;P420
P283;P276
P283;P254
P283;P140
P283;P141
P283;P516
P283;P181
P283;P64
P283;P210
P283;P426
P283;P189
P283;P142
P283;P460
P283;P485
P283;P139
P283;P551
P283;P199
P283;P30
P283;P560
P283;P275
P283;P173
P283;P37
P283;P453
P283;P312
P283;P97
P283;P241
P283;P343
P283;P197
P283;P587
P16;P208
P16;P298
P16;P461
P16;P225
P16;P370
P16;P202
P16;P529
P16;P100
P16;P258
P16;P266
P16;P13
P16;P23
P16;P181
P16;P182
P16;P354
P483;P298
P483;P379
P483;P572
P483;P373
P483;P225
P483;P356
P483;P143
P483;P100
P483;P266
P483;P178
P483;P268
P483;P52
P483;P286
P483;P189
P483;P560
P483;P204
P483;P214
P13;P252
P13;P518
P13;P293
P13;P298
P13;P373
P13;P461
P13;P341
P13;P434
P13;P305
P13;P545
P13;P463
P13;P106
P13;P33
P13;P225
P13;P390
P13;P9
P13;P39
P13;P407
P13;P412
P13;P529
P13;P301
P13;P309
P13;P0
P13;P123
P13;P6
P13;P258
P13;P445
P13;P266
P13;P178
P13;P23
P13;P142
P13;P64
P13;P423
P185;P208
P185;P563
P185;P298
P185;P138
P185;P64
P185;P204
P185;P197
P208;P328
P208;P99
P208;P315
P208;P433
P208;P311
P208;P4
P208;P33
P208;P484
P208;P571
P208;P553
P208;P428
P208;P259
P208;P468
P208;P544
P208;P276
P208;P402
P208;P228
P208;P210
P208;P118
P208;P52
P208;P286
P208;P119
P208;P211
P208;P181
P208;P242
P563;P328
P563;P252
P563;P99
P563;P518
P563;P535
P563;P15
P563;P204
P563;P458
P298;P99
P298;P518
P298;P175
P298;P466
P298;P422
P298;P17
P298;P318
P298;P95
P298;P570
P298;P584
P298;P3
P298;P330
P298;P464
P298;P259
P298;P544
P298;P468
P298;P238
P298;P178
P298;P158
P298;P401
P298;P557
P298;P420
P298;P57
P298;P437
P298;P137
P298;P166
P298;P361
P298;P207
P298;P129
P298;P410
P298;P209
P298;P190
P298;P268
P298;P276
P298;P118
P298;P98
P298;P87
P298;P134
P298;P395
P298;P228
P298;P496
P298;P23
P298;P516
P298;P159
P298;P74
P298;P131
P298;P231
P298;P402
P298;P144
P298;P286
P298;P531
P298;P497
P298;P52
P298;P19
P298;P140
P298;P426
P298;P146
P298;P141
P298;P67
P298;P139
P298;P347
P298;P211
P298;P15
P298;P411
P298;P180
P298;P574
P298;P94
P298;P490
P298;P377
P298;P189
P298;P332
P298;P206
P298;P120
P298;P460
P298;P471
P298;P508
P298;P257
P298;P30
P298;P265
P298;P41
P298;P485
P298;P294
P298;P488
P298;P423
P298;P103
P298;P200
P298;P560
P298;P522
P298;P551
P298;P46
P298;P204
P138;P538
P64;P498
P64;P379
P64;P174
P64;P282
P64;P393
P64;P329
P64;P167
P64;P156
P64;P158
P64;P557
P64;P410
P64;P535
P64;P496
P64;P339
P64;P488
P64;P220
P64;P97
P64;P343
P64;P487
P537;P225
P537;P172
P537;P0
P537;P224
P537;P284
P537;P276
P537;P140
P537;P531
P537;P204
P537;P435
P537;P264
P537;P450
P225;P538
P225;P534
P225;P315
P225;P174
P225;P0
P225;P82
P225;P301
P225;P464
P225;P330
P225;P466
P225;P190
P225;P410
P225;P17
P225;P316
P225;P209
P225;P268
P225;P276
P225;P437
P225;P432
P225;P238
P225;P417
P225;P130
P225;P510
P172;P518
P172;P243
P172;P538
P172;P441
P172;P379
P172;P357
P172;P33
P172;P39
P172;P227
P172;P431
P172;P82
P172;P276
P172;P74
P172;P142
P172;P94
P172;P514
P172;P275
P172;P386
P172;P355
P172;P523
P172;P354
P0;P461
P0;P219
P0;P390
P0;P571
P0;P558
P0;P224
P0;P507
P0;P123
P0;P584
P0;P15
P0;P531
P0;P347
P0;P365
P0;P262
P0;P510
P0;P386
P0;P264
P0;P102
P0;P587
P224;P538
P224;P174
P224;P106
P224;P481
P224;P356
P224;P398
P224;P228
P224;P52
P224;P98
P224;P535
P224;P87
P224;P497
P224;P189
P224;P180
P224;P540
P224;P56
P224;P37
P224;P389
P224;P128
P284;P572
P284;P315
P284;P174
P284;P201
P284;P330
P284;P159
P284;P173
P284;P197
P276;P518
P276;P538
P276;P441
P276;P379
P276;P572
P276;P373
P276;P573
P276;P325
P276;P329
P276;P150
P276;P213
P276;P556
P276;P390
P276;P9
P276;P356
P276;P529
P276;P100
P276;P127
P276;P266
P276;P178
P276;P516
P276;P531
P276;P497
P276;P87
P276;P139
P276;P141
P276;P189
P276;P460
P276;P275
P276;P56
P276;P160
P276;P587
P140;P379
P140;P70
P140;P174
P140;P410
P140;P87
P140;P286
P140;P347
P140;P439
P531;P379
P531;P209
P531;P87
P531;P189
P531;P275
P531;P173
P531;P37
P531;P389
P531;P160
P315;P183
P315;P465
P315;P534
P315;P212
P315;P14
P315;P357
P315;P341
P315;P198
P315;P434
P315;P461
P315;P282
P315;P482
P315;P5
P315;P335
P315;P495
P315;P176
P315;P38
P315;P42
P315;P33
P315;P150
P315;P583
P315;P306
P315;P440
P315;P469
P315;P301
P315;P156
P315;P405
P315;P123
P315;P100
P315;P444
P315;P266
P315;P398
P315;P445
P315;P351
P315;P327
P315;P158
P315;P153
P315;P352
P315;P579
P315;P428
P315;P175
P315;P73
P315;P47
P315;P330
P315;P118
P315;P332
P315;P257
P315;P413
P315;P43
P315;P358
P315;P386
P315;P249
P183;P571
P183;P516
P183;P535
P183;P189
P183;P551
P183;P204
P183;P43
P571;P518
P571;P573
P571;P440
P571;P33
P571;P412
P571;P445
P571;P6
P571;P478
P571;P158
P571;P74
P571;P87
P571;P181
P571;P67
P571;P189
P571;P142
P571;P426
P571;P423
P571;P257
P571;P30
P571;P275
P571;P204
P571;P62
P571;P541
P516;P538
P516;P379
P516;P201
P516;P357
P516;P305
P516;P359
P516;P342
P516;P100
P516;P258
P516;P570
P516;P166
P516;P460
P516;P286
P516;P189
P516;P488
P516;P120
P516;P522
P516;P180
P516;P200
P516;P30
P516;P103
P516;P46
P516;P443
P516;P214
P516;P340
P516;P343
P516;P88
P516;P587
P516;P565
P535;P132
P535;P195
P535;P518
P535;P573
P535;P305
P535;P9
P535;P202
P535;P444
P535;P529
P535;P100
P535;P301
P535;P558
P535;P421
P535;P258
P535;P445
P535;P95
P535;P166
P535;P259
P535;P437
P535;P332
P535;P103
P535;P265
P535;P560
P535;P30
P189;P328
P189;P99
P189;P336
P189;P500
P189;P373
P189;P335
P189;P324
P189;P213
P189;P9
P189;P474
P189;P202
P189;P342
P189;P48
P189;P559
P189;P73
P189;P153
P189;P137
P189;P584
P189;P178
P189;P464
P189;P259
P189;P190
P189;P410
P189;P87
P189;P144
P189;P254
P189;P142
P189;P460
P189;P46
P189;P257
P189;P442
P189;P275
P189;P385
P189;P453
P189;P260
P551;P195
P551;P336
P551;P70
P551;P495
P551;P444
P551;P330
P551;P238
P551;P410
P551;P87
P551;P286
P551;P254
P551;P142
P551;P426
P551;P460
P551;P485
P551;P443
P551;P257
P551;P442
P551;P204
P551;P349
P328;P243
P328;P379
P328;P336
P328;P132
P328;P204
P328;P540
P328;P530
P243;P465
P243;P464
P243;P268
P243;P247
P243;P129
P243;P130
P243;P468
P243;P544
P243;P204
P243;P530
P243;P386
P379;P538
P379;P342
P379;P558
P379;P394
P379;P82
P379;P143
P379;P338
P379;P175
P379;P28
P379;P127
P379;P436
P379;P398
P379;P266
P379;P48
P379;P559
P379;P153
P379;P579
P379;P428
P379;P258
P379;P431
P379;P352
P379;P507
P379;P445
P379;P112
P379;P525
P379;P81
P379;P3
P379;P238
P379;P316
P379;P330
P379;P437
P379;P318
P379;P130
P379;P207
P379;P477
P379;P361
P379;P95
P379;P247
P379;P478
P379;P401
P379;P137
P379;P259
P379;P268
P379;P539
P379;P141
P379;P98
P379;P118
P379;P134
P379;P286
P379;P131
P379;P159
P379;P404
P379;P402
P379;P144
P379;P220
P379;P199
P379;P411
P379;P497
P379;P52
P379;P19
P379;P74
P379;P51
P379;P257
P379;P443
P379;P92
P379;P423
P379;P30
P379;P541
P336;P195
P336;P268
P336;P316
P336;P190
P336;P410
P336;P210
P336;P209
P336;P98
P336;P120
P336;P92
P336;P206
P336;P94
P336;P377
P336;P443
P336;P574
P336;P294
P336;P257
P336;P46
P336;P339
P336;P423
P336;P435
P336;P264
P336;P354
P132;P52
P132;P98
P132;P204
P89;P518
P89;P282
P89;P482
P89;P171
P89;P221
P89;P98
P89;P540
P89;P102
P89;P261
P569;P195
P569;P356
P569;P268
P569;P98
P569;P471
P461;P538
P461;P33
P461;P177
P461;P484
P461;P444
P461;P39
P461;P258
P461;P27
P461;P207
P461;P137
P461;P268
P461;P190
P461;P316
P461;P238
P461;P286
P461;P98
P461;P540
P461;P91
P213;P395
P213;P30
P213;P46
P213;P92
P213;P206
P361;P519
P361;P538
P361;P572
P361;P373
P361;P341
P361;P335
P361;P573
P118;P538
P118;P201
P365;P70
P365;P373
P365;P22
P365;P209
P365;P87
P365;P540
P365;P194
P252;P348
P252;P434
P252;P468
P252;P23
P252;P204
P252;P128
P348;P534
P348;P174
P348;P33
P348;P309
P348;P190
P348;P220
P348;P540
P348;P541
P348;P312
P348;P108
P348;P197
P434;P518
P434;P538
P434;P174
P434;P33
P434;P440
P434;P359
P434;P309
P434;P167
P434;P445
P434;P123
P434;P579
P434;P47
P434;P352
P434;P401
P434;P74
P434;P286
P434;P254
P434;P411
P434;P560
P434;P164
P434;P102
P434;P249
P434;P565
P468;P518
P468;P538
P468;P572
P468;P373
P23;P538
P23;P469
P23;P455
P23;P202
P23;P412
P23;P196
P23;P301
P23;P258
P23;P112
P23;P420
P23;P158
P23;P178
P23;P17
P23;P238
P23;P540
P23;P312
P23;P194
P23;P354
P325;P538
P325;P534
P325;P357
P325;P553
P325;P202
P325;P431
P325;P137
P325;P268
P325;P316
P325;P410
P325;P142
P325;P497
P325;P485
P325;P332
P325;P294
P325;P460
P325;P257
P325;P56
P33;P195
P33;P99
P33;P538
P33;P572
P33;P433
P33;P373
P33;P22
P33;P305
P33;P412
P33;P444
P33;P73
P33;P17
P33;P190
P33;P268
P33;P395
P33;P181
P33;P347
P33;P265
P33;P514
P33;P182
P33;P346
P33;P389
P33;P160
P33;P194
P33;P354
P318;P174
P318;P264
P497;P538
P497;P22
P497;P268
P497;P286
P497;P275
P497;P214
P497;P88
P210;P441
P210;P373
P210;P335
P210;P573
P210;P305
P210;P133
P210;P202
P210;P258
P210;P477
P210;P460
P210;P275
P210;P262
P210;P503
P210;P587
P210;P308
P141;P538
P141;P305
P141;P202
P141;P558
P141;P258
P141;P178
P141;P358
P141;P313
P141;P173
P141;P587
P51;P70
P51;P341
P426;P548
P426;P481
P426;P390
P426;P412
P426;P166
P426;P209
P426;P87
P426;P52
P290;P465
P290;P518
P290;P538
P290;P534
P290;P98
P290;P389
P290;P160
P481;P465
P481;P538
P481;P534
P481;P572
P481;P174
P481;P219
P481;P398
P481;P175
P481;P560
P42;P268
P42;P98
P42;P15
P42;P204
P42;P435
P484;P195
P484;P572
P484;P117
P484;P438
P484;P329
P484;P445
P484;P258
P484;P158
P484;P67
P484;P92
P484;P510
P484;P435
P484;P313
P484;P350
P484;P192
P484;P261
P126;P572
P126;P373
P126;P178
P235;P572
P235;P373
P235;P174
P235;P47
P235;P286
P558;P99
P558;P518
P558;P25
P558;P538
P558;P393
P558;P583
P558;P106
P558;P370
P558;P175
P558;P432
P28;P538
P28;P572
P28;P106
P28;P464
P28;P17
P222;P465
P175;P498
P175;P70
P175;P572
P175;P174
P175;P393
P175;P82
P175;P300
P175;P410
P175;P228
P175;P347
P175;P199
P175;P423
P175;P530
P175;P262
P175;P56
P175;P453
P175;P389
P352;P518
P352;P433
P352;P305
P155;P518
P268;P99
P268;P538
P268;P572
P268;P305
P268;P390
P268;P9
P268;P202
P268;P356
P268;P156
P268;P143
P268;P529
P268;P100
P268;P301
P268;P507
P268;P112
P268;P158
P268;P137
P268;P477
P268;P557
P268;P166
P268;P231
P268;P214
P268;P264
P268;P147
P268;P173
P268;P587
P490;P221
P490;P209
P490;P131
P490;P223
P519;P22
P519;P540
P519;P204
P519;P530
P519;P37
P22;P538
P22;P534
P22;P198
P22;P359
P22;P87
P22;P496
P22;P74
P22;P540
P22;P568
P532;P433
P532;P204
P532;P530
P532;P214
P538;P25
P538;P212
P538;P14
P538;P117
P538;P373
P538;P282
P538;P201
P538;P433
P538;P500
P538;P482
P538;P572
P538;P357
P538;P400
P538;P438
P538;P573
P538;P341
P538;P221
P538;P534
P538;P495
P538;P390
P538;P86
P538;P455
P538;P179
P538;P329
P538;P306
P538;P9
P538;P556
P538;P480
P538;P177
P538;P133
P538;P561
P538;P583
P538;P150
P538;P463
P538;P198
P538;P545
P538;P176
P538;P338
P538;P317
P538;P167
P538;P202
P538;P69
P538;P405
P538;P474
P538;P196
P538;P100
P538;P342
P538;P301
P538;P529
P538;P26
P538;P156
P538;P356
P538;P407
P538;P143
P538;P444
P538;P412
P538;P127
P538;P48
P538;P431
P538;P266
P538;P6
P538;P123
P538;P398
P538;P466
P538;P584
P538;P130
P538;P17
P538;P330
P538;P95
P538;P129
P538;P432
P538;P417
P538;P401
P538;P477
P538;P247
P538;P57
P538;P478
P538;P166
P538;P437
P538;P209
P538;P98
P538;P410
P538;P228
P538;P144
P538;P411
P538;P286
P538;P52
P341;P166
P341;P178
P341;P160
P341;P587
P201;P5
P201;P6
P201;P143
P201;P127
P201;P478
P201;P330
P201;P437
P201;P190
P201;P417
P201;P410
P201;P87
P201;P209
P201;P131
P201;P460
P201;P377
P201;P49
P201;P443
P201;P560
P201;P206
P201;P423
P201;P94
P201;P541
P201;P182
P469;P534
P469;P572
P469;P133
P469;P553
P469;P351
P469;P437
P469;P158
P469;P181
P469;P402
P469;P37
P469;P102
P469;P191
P469;P91
P469;P260
P469;P194
P469;P354
P474;P99
P474;P477
P474;P464
P474;P137
P474;P514
P474;P43
P474;P313
P474;P173
P474;P299
P474;P453
P311;P572
P48;P373
P48;P579
P48;P254
P48;P262
P48;P160
P48;P194
P444;P465
P444;P463
P444;P106
P444;P431
P444;P327
P444;P47
P444;P579
P444;P259
P444;P238
P444;P286
P444;P139
P444;P56
P444;P435
P444;P386
P444;P37
P444;P241
P444;P194
P529;P373
P529;P174
P529;P464
P529;P410
P529;P98
P529;P130
P529;P139
P529;P197
P327;P572
P327;P349
P579;P518
P579;P171
P579;P482
P579;P176
P579;P545
P579;P9
P579;P559
P579;P445
P579;P190
P579;P200
P579;P139
P579;P103
P579;P442
P579;P530
P579;P358
P579;P264
P579;P234
P559;P70
P559;P557
P559;P435
P559;P366
P559;P234
P559;P389
P559;P343
P27;P572
P27;P433
P27;P174
P27;P357
P27;P395
P27;P30
P27;P200
P27;P46
P27;P41
P27;P92
P27;P488
P27;P206
P87;P202
P87;P356
P87;P178
P87;P539
P87;P211
P87;P231
P87;P496
P87;P139
P87;P199
P87;P131
P87;P254
P87;P181
P87;P142
P87;P144
P87;P508
P87;P180
P87;P120
P87;P200
P87;P522
P87;P485
P87;P488
P87;P339
P87;P332
P87;P275
P87;P262
P87;P349
P87;P366
P87;P147
P87;P343
P228;P548
P228;P420
P228;P330
P228;P265
P228;P510
P228;P349
P98;P548
P98;P305
P98;P198
P98;P176
P98;P9
P98;P143
P98;P309
P98;P47
P98;P464
P98;P166
P98;P432
P98;P254
P98;P15
P98;P522
P181;P548
P181;P306
P181;P73
P181;P464
P181;P410
P181;P209
P181;P411
P181;P286
P181;P496
P181;P92
P181;P486
P181;P275
P181;P312
P181;P197
P181;P523
P181;P194
P15;P518
P15;P498
P15;P534
P15;P70
P15;P548
P15;P410
P15;P568
P15;P147
P15;P350
P15;P88
P15;P388
P139;P70
P139;P548
P139;P482
P139;P39
P139;P455
P139;P196
P139;P445
P139;P158
P139;P477
P139;P410
P139;P209
P139;P52
P139;P496
P139;P180
P139;P488
P139;P574
P139;P94
P139;P97
P139;P350
P139;P587
P139;P565
P139;P354
P220;P305
P220;P209
P220;P131
P220;P182
P220;P97
P254;P70
P254;P373
P254;P431
P254;P178
P254;P190
P254;P209
P254;P460
P254;P30
P74;P70
P74;P178
P74;P453
P347;P518
P347;P174
P347;P400
P347;P171
P347;P282
P347;P356
P347;P445
P347;P47
P347;P420
P347;P557
P347;P464
P347;P130
P347;P410
P347;P209
P347;P496
P347;P41
P347;P442
P347;P204
P347;P56
P115;P70
P294;P204
P294;P223
P294;P71
P294;P160
P206;P70
P206;P158
P206;P330
P206;P259
P206;P209
P206;P231
P206;P340
P206;P587
P522;P70
P522;P572
P522;P548
P522;P117
P522;P209
P522;P496
P92;P70
P92;P548
P92;P373
P92;P158
P92;P259
P92;P209
P92;P231
P92;P574
P92;P160
P92;P354
P14;P441
P14;P82
P14;P123
P14;P584
P14;P540
P14;P541
P171;P441
P171;P70
P171;P196
P171;P100
P171;P478
P171;P466
P171;P417
P171;P275
P306;P534
P219;P534
P219;P572
P219;P190
P219;P453
P219;P340
P219;P161
P583;P572
P583;P514
P583;P37
P39;P373
P39;P356
P39;P17
P39;P395
P39;P173
P39;P37
P39;P312
P301;P373
P301;P275
P301;P435
P301;P264
P82;P259
P82;P209
P82;P275
P82;P56
P300;P433
P300;P174
P300;P393
P300;P454
P300;P343
P47;P441
P47;P156
P47;P338
P47;P258
P47;P199
P47;P485
P47;P94
P47;P46
P47;P358
P47;P568
P47;P350
P47;P197
P47;P194
P466;P518
P466;P572
P466;P266
P466;P178
P3;P572
P3;P433
P17;P518
P17;P5
P17;P324
P17;P556
P17;P202
P17;P266
P17;P420
P17;P557
P17;P144
P17;P52
P17;P257
P17;P439
P17;P358
P17;P386
P17;P173
P17;P261
P465;P293
P465;P407
P465;P502
P465;P266
P465;P584
P465;P507
P465;P52
P465;P411
P465;P460
P465;P264
P465;P260
P573;P99
P573;P534
P573;P178
P573;P401
P573;P423
P455;P293
P455;P572
P455;P373
P455;P198
P455;P52
P455;P530
P455;P340
P202;P557
P202;P410
P202;P539
P202;P52
P202;P286
P202;P209
P202;P423
P202;P313
P309;P410
P309;P190
P309;P354
P332;P70
P332;P548
P332;P209
P421;P412
P421;P52
P421;P395
P421;P56
P421;P313
P153;P572
P153;P174
P153;P356
P153;P166
P153;P262
P153;P366
P464;P99
P464;P518
P464;P572
P464;P500
P464;P61
P464;P150
P464;P356
P464;P431
P464;P95
P464;P316
P464;P166
P464;P417
P464;P199
P464;P265
P544;P518
P41;P70
P41;P548
P41;P174
P41;P221
P41;P410
P41;P496
P41;P131
P41;P439
P41;P262
P41;P355
P41;P241
P41;P389
P41;P161
P286;P70
P286;P61
P286;P105
P286;P100
P286;P137
P286;P401
P286;P19
P286;P340
P286;P312
P460;P209
P460;P496
P460;P131
P460;P275
P460;P173
P144;P373
P144;P190
P142;P195
P142;P518
P142;P70
P142;P373
P142;P324
P142;P507
P142;P410
P142;P52
P142;P496
P142;P131
P142;P423
P142;P275
P142;P56
P142;P173
P142;P503
P142;P160
P142;P194
P142;P354
P30;P548
P30;P373
P30;P158
P30;P259
P30;P209
P30;P231
P30;P346
P30;P160
P339;P548
P339;P330
P339;P410
P339;P496
P339;P131
P339;P204
P339;P358
P339;P264
P195;P572
P195;P440
P195;P198
P195;P438
P195;P394
P195;P196
P195;P81
P195;P207
P195;P265
P195;P488
P195;P211
P195;P204
P195;P530
P195;P275
P195;P147
P195;P97
P570;P572
P570;P548
P570;P127
P570;P209
P570;P435
P566;P357
P404;P70
P572;P518
P572;P556
P572;P561
P572;P106
P572;P390
P572;P177
P572;P61
P572;P370
P572;P86
P572;P38
P572;P9
P572;P405
P572;P69
P572;P167
P572;P407
P572;P412
P572;P553
P572;P123
P572;P266
P572;P431
P572;P73
P572;P6
P572;P557
P572;P432
P572;P478
P572;P422
P572;P207
P572;P178
P572;P190
P572;P584
P572;P401
P572;P57
P572;P477
P572;P247
P572;P52
P572;P366
P572;P312
P495;P534
P495;P174
P495;P541
P357;P174
P357;P436
P357;P343
P357;P587
P356;P373
P356;P482
P356;P190
P356;P437
P356;P238
P356;P410
P356;P316
P356;P259
P356;P166
P356;P209
P356;P510
P356;P173
P356;P108
P356;P354
P158;P330
P158;P178
P158;P395
P158;P46
P417;P70
P417;P335
P417;P305
P417;P390
P417;P9
P417;P349
P488;P70
P488;P548
P488;P410
P488;P209
P488;P496
P488;P349
P488;P264
P488;P340
P488;P160
P52;P548
P52;P480
P52;P584
P52;P557
P52;P166
P52;P19
P52;P560
P52;P200
P52;P385
P52;P343
P52;P108
P440;P534
P440;P143
P440;P262
P440;P97
P198;P534
P198;P423
P198;P514
P198;P194
P198;P354
P438;P70
P438;P340
P394;P435
P394;P264
P196;P293
P196;P62
P196;P194
P81;P498
P207;P518
P265;P293
P265;P433
P265;P373
P265;P86
P265;P401
P265;P496
P265;P131
P265;P120
P265;P439
P265;P275
P265;P313
P265;P386
P265;P223
P265;P568
P265;P160
P265;P128
P211;P70
P211;P209
P99;P212
P99;P552
P99;P106
P99;P240
P433;P518
P433;P436
P433;P401
P433;P477
P433;P541
P433;P160
P433;P34
P433;P354
P553;P373
P553;P305
P553;P514
P553;P435
P428;P174
P428;P557
P428;P560
P259;P556
P259;P127
P259;P266
P259;P166
P259;P262
P259;P343
P259;P194
P402;P70
P212;P534
P212;P330
P212;P443
P212;P540
P212;P541
P106;P534
P106;P174
P106;P338
P106;P405
P106;P123
P106;P435
P106;P194
P293;P190
P293;P46
P293;P204
P293;P346
P293;P97
P518;P174
P518;P70
P518;P221
P518;P500
P518;P5
P518;P25
P518;P316
P518;P166
P518;P401
P518;P95
P518;P437
P518;P432
P518;P238
P518;P130
P518;P204
P518;P313
P518;P312
P518;P389
P518;P194
P70;P534
P70;P174
P70;P150
P70;P431
P70;P190
P70;P49
P70;P146
P70;P443
P70;P94
P70;P574
P70;P377
P70;P200
P70;P103
P70;P485
P70;P540
P70;P275
P70;P435
P70;P340
P305;P534
P305;P67
P305;P19
P305;P103
P305;P385
P305;P313
P305;P386
P305;P299
P305;P160
P305;P261
P61;P534
P61;P173
P117;P174
P117;P112
P117;P540
P221;P534
P221;P485
P221;P19
P370;P9
P370;P209
P370;P560
P370;P349
P370;P313
P177;P534
P177;P373
P143;P56
P143;P453
P502;P190
P502;P514
P502;P223
P502;P197
P502;P354
P405;P373
P405;P510
P405;P358
P359;P395
P359;P453
P266;P432
P266;P316
P266;P423
P266;P458
P478;P86
P478;P439
P73;P174
P73;P56
P73;P346
P316;P373
P316;P556
P316;P407
P316;P264
P316;P343
P410;P373
P410;P556
P410;P156
P410;P56
P178;P482
P178;P9
P178;P431
P178;P147
P178;P343
P401;P264
P401;P346
P166;P556
P166;P227
P166;P407
P166;P258
P166;P67
P166;P275
P166;P510
P166;P541
P166;P223
P166;P173
P166;P346
P539;P258
P539;P262
P146;P548
P146;P496
P146;P540
P231;P548
P231;P209
P231;P46
P231;P264
P496;P159
P496;P103
P496;P485
P496;P67
P496;P199
P496;P234
P19;P209
P19;P313
P19;P234
P423;P335
P423;P525
P423;P112
P423;P238
P423;P103
P423;P442
P423;P454
P423;P386
P443;P209
P548;P534
P548;P209
P548;P159
P548;P377
P548;P275
P441;P587
P407;P437
P407;P349
P584;P373
P584;P412
P584;P275
P584;P386
P584;P147
P507;P412
P411;P439
P411;P358
P411;P88
P174;P86
P174;P400
P174;P329
P174;P556
P174;P150
P174;P317
P174;P123
P174;P420
P174;P540
P174;P435
P174;P340
P5;P534
P95;P373
P95;P556
P95;P560
P437;P412
P432;P556
P432;P390
P432;P37
P432;P453
P432;P111
P432;P88
P432;P354
P238;P390
P238;P100
P238;P458
P238;P194
P130;P556
P130;P156
P176;P534
P176;P412
P176;P540
P176;P313
P329;P534
P329;P264
P329;P343
P329;P197
P329;P354
P561;P373
P561;P355
P330;P431
P330;P56
P330;P214
P330;P264
P330;P101
P330;P343
P477;P373
P477;P275
P477;P182
P477;P147
P477;P97
P422;P534
P209;P373
P209;P390
P209;P156
P209;P100
P209;P377
P209;P508
P209;P200
P209;P131
P209;P257
P209;P103
P209;P199
P209;P46
P209;P560
P209;P94
P209;P540
P400;P534
P400;P540
P400;P358
P400;P366
P400;P197
P545;P534
P480;P62
P105;P412
P105;P204
P105;P510
P6;P373
P6;P264
P6;P346
P6;P261
P431;P560
P431;P435
P431;P313
P431;P389
P431;P343
P342;P514
P342;P96
P342;P435
P342;P349
P100;P557
P190;P373
P190;P463
P190;P556
P190;P390
P190;P156
P190;P377
P190;P349
P190;P37
P190;P453
P190;P343
P574;P557
P574;P56
P574;P313
P574;P354
P412;P463
P412;P525
P412;P112
P412;P200
P412;P560
P412;P62
P412;P310
P412;P386
P412;P234
P412;P389
P412;P343
P412;P333
P412;P261
P412;P354
P9;P167
P9;P510
P103;P373
P103;P275
P103;P313
P129;P373
P156;P510
P156;P313
P398;P560
P199;P454
P199;P358
P199;P173
P199;P346
P257;P373
P257;P264
P257;P97
P46;P373
P46;P358
P46;P160
P560;P258
P560;P386
P560;P97
P560;P249
P560;P160
P560;P587
P560;P354
P373;P534
P373;P69
P373;P258
P373;P557
P373;P134
P373;P120
P373;P508
P373;P377
P373;P413
P373;P366
P373;P354
P335;P343
P123;P275
P123;P349
P123;P264
P123;P173
P123;P355
P482;P413
P482;P97
P393;P534
P393;P264
P393;P312
P167;P264
P258;P439
P485;P131
P395;P204
P395;P182
P395;P312
P534;P282
P534;P86
P534;P133
P534;P150
P534;P463
P534;P540
P534;P312
P390;P349
P390;P453
P86;P234
P86;P197
P150;P389
P133;P264
P133;P453
P38;P349
P69;P216
P338;P340
P338;P354
P26;P313
P26;P366
P227;P530
P227;P262
P227;P510
P227;P173
P227;P355
P227;P354
P317;P435
P127;P557
P436;P358
P436;P453
P436;P340
P445;P313
P445;P194
P525;P56
P525;P354
P137;P275
P137;P454
P137;P262
P137;P343
P557;P262
P557;P313
P557;P355
P557;P453
P557;P241
P557;P88
P131;P200
P131;P454
P67;P354
P180;P173
P180;P161
P180;P354
P377;P234
P120;P262
P200;P262
P349;P136
P349;P355
P349;P386
P349;P458
P349;P346
P136;P514
P136;P533
P136;P343
P136;P494
P136;P354
P136;P214
P514;P449
P514;P499
P514;P160
P514;P191
P514;P340
P514;P386
P514;P310
P514;P260
P514;P523
P514;P193
P533;P76
P533;P439
P533;P530
P343;P76
P343;P244
P343;P275
P343;P313
P343;P37
P343;P355
P343;P160
P343;P387
P343;P487
P494;P124
P354;P107
P354;P76
P354;P581
P354;P499
P354;P439
P354;P275
P354;P56
P354;P164
P354;P386
P354;P102
P354;P312
P354;P346
P354;P503
P354;P160
P354;P50
P354;P78
P354;P230
P449;P239
P449;P312
P449;P260
P449;P85
P449;P232
P449;P346
P449;P275
P239;P255
P239;P439
P239;P204
P239;P486
P239;P454
P239;P310
P239;P102
P239;P355
P239;P260
P239;P128
P312;P486
P312;P275
P312;P204
P312;P541
P312;P386
P312;P223
P312;P71
P312;P97
P312;P389
P312;P234
P312;P128
P312;P308
P312;P232
P260;P204
P260;P313
P260;P34
P232;P439
P232;P313
P540;P107
P540;P580
P540;P350
P540;P367
P540;P43
P540;P313
P540;P88
P107;P262
P107;P486
P107;P291
P107;P71
P107;P430
P107;P503
P107;P169
P107;P513
P262;P244
P262;P454
P262;P509
P262;P35
P262;P173
P486;P523
P486;P108
P486;P275
P486;P97
P291;P272
P71;P581
P71;P313
P503;P313
P503;P346
P503;P367
P169;P255
P169;P124
P462;P472
P462;P530
P462;P313
P462;P111
P462;P346
P462;P388
P462;P450
P472;P389
P472;P346
P389;P442
P389;P275
P389;P56
P389;P386
P389;P223
P389;P59
P389;P523
P346;P439
P346;P313
P346;P223
P346;P173
P346;P367
P346;P128
P346;P193
P255;P555
P255;P194
P255;P275
P255;P513
P194;P562
P194;P275
P194;P358
P194;P386
P194;P173
P194;P340
P194;P160
P194;P34
P194;P523
P194;P65
P313;P124
P313;P499
P313;P439
P313;P581
P313;P275
P313;P56
P313;P164
P313;P541
P313;P295
P313;P263
P313;P416
P313;P367
P313;P109
P313;P173
P313;P386
P313;P182
P313;P568
P313;P102
P313;P223
P313;P147
P313;P321
P313;P88
P313;P91
P313;P261
P313;P308
P124;P241
P124;P385
P124;P513
P34;P408
P34;P439
P34;P204
P34;P358
P34;P249
P34;P160
P34;P193
P408;P450
P241;P234
P241;P542
P241;P192
P241;P565
P450;P439
P450;P223
P214;P272
P214;P78
P214;P20
P214;P223
P214;P182
P214;P160
P272;P295
P272;P367
P295;P173
P367;P424
P367;P499
P367;P439
P367;P204
P367;P442
P367;P56
P367;P223
P367;P173
P367;P355
P367;P161
P367;P216
P367;P388
P367;P308
P386;P244
P386;P263
P386;P223
P386;P248
P244;P37
P244;P340
P244;P504
P244;P193
P37;P204
P37;P2
P37;P487
P340;P223
P424;P197
P76;P97
P76;P251
P76;P261
P76;P523
P76;P108
P76;P439
P97;P499
P97;P56
P97;P182
P97;P350
P97;P523
P97;P234
P97;P160
P97;P193
P251;P439
P261;P499
P261;P454
P261;P160
P523;P358
P523;P173
P523;P160
P523;P88
P108;P204
P108;P442
P108;P581
P581;P415
P581;P452
P581;P541
P581;P182
P160;P275
P160;P164
P160;P65
P160;P587
P160;P197
P160;P216
P160;P565
P160;P88
P192;P204
P192;P275
P499;P53
P499;P193
P499;P275
P499;P223
P499;P161
P580;P197
P580;P308
P350;P204
P350;P65
P191;P263
P310;P20
P439;P275
P439;P10
P530;P59
P530;P234
P530;P333
P530;P585
P530;P50
P59;P454
P59;P56
P234;P454
P234;P182
P234;P10
P333;P562
P333;P275
P333;P524
P204;P91
P204;P109
P204;P542
P204;P223
P109;P161
P542;P275
P442;P587
P587;P56
P587;P147
P587;P249
P454;P541
P454;P197
P275;P78
P275;P20
P275;P263
P275;P337
P275;P387
P275;P476
P275;P223
P275;P353
P275;P453
P275;P161
P275;P88
P275;P249
P275;P197
P275;P187
P275;P399
P275;P253
P275;P487
P197;P50
P541;P78
P182;P358
P182;P568
P182;P307
P182;P216
P223;P20
P223;P263
P223;P35
P223;P355
P223;P102
P223;P12
P223;P216
P223;P128
P223;P248
P161;P173
P43;P173
P88;P416
P88;P263
P10;P435
P78;P510
P78;P435
P78;P308
P20;P56
P20;P510
P20;P366
P263;P510
P263;P493
P263;P453
P387;P355
P399;P96
P253;P358
P173;P416
P173;P35
P173;P308
P173;P248
P173;P565
P56;P568
P510;P230
P510;P297
P297;P435
P358;P307
P358;P524
P524;P355
P355;P366
P355;P493
P355;P102
P102;P65
P366;P425
